Unnamed: 0,3996.35772,0.107387
,3994.428976,0.10708
,3992.500232,0.106895
,3990.571488,0.106963
,3988.642744,0.107142
,3986.714,0.107236
,3984.785256,0.107134
,3982.856511,0.106906
,3980.927767,0.106744
,3978.999023,0.106771
,3977.070279,0.106943
,3975.141535,0.107106
,3973.212791,0.107185
,3971.284047,0.107188
,3969.355303,0.107057
,3967.426559,0.106926
,3965.497815,0.107062
,3963.569071,0.107248
,3961.640327,0.107073
,3959.711583,0.1067
,3957.782839,0.106545
,3955.854094,0.106552
,3953.92535,0.106503
,3951.996606,0.106443
,3950.067862,0.106343
,3948.139118,0.106157
,3946.210374,0.106112
,3944.28163,0.106289
,3942.352886,0.106464
,3940.424142,0.106569
,3938.495398,0.10663
,3936.566654,0.10651
,3934.63791,0.10628
,3932.709166,0.106134
,3930.780422,0.105994
,3928.851677,0.105958
,3926.922933,0.106166
,3924.994189,0.106374
,3923.065445,0.106373
,3921.136701,0.106088
,3919.207957,0.105746
,3917.279213,0.105862
,3915.350469,0.106338
,3913.421725,0.106641
,3911.492981,0.106645
,3909.564237,0.106522
,3907.635493,0.106427
,3905.706749,0.10639
,3903.778004,0.106341
,3901.84926,0.106232
,3899.920516,0.106079
,3897.991772,0.105911
,3896.063028,0.105742
,3894.134284,0.105632
,3892.20554,0.105622
,3890.276796,0.105615
,3888.348052,0.105548
,3886.419308,0.105512
,3884.490564,0.105605
,3882.56182,0.105768
,3880.633076,0.105811
,3878.704332,0.105764
,3876.775587,0.105812
,3874.846843,0.105856
,3872.918099,0.105814
,3870.989355,0.105776
,3869.060611,0.105708
,3867.131867,0.105666
,3865.203123,0.10573
,3863.274379,0.105761
,3861.345635,0.105695
,3859.416891,0.105655
,3857.488147,0.105761
,3855.559403,0.105935
,3853.630659,0.105859
,3851.701915,0.10544100000000001
,3849.77317,0.105087
,3847.844426,0.105091
,3845.915682,0.105297
,3843.986938,0.105449
,3842.058194,0.105492
,3840.12945,0.105485
,3838.200706,0.105513
,3836.271962,0.105495
,3834.343218,0.105222
,3832.414474,0.104862
,3830.48573,0.104729
,3828.556986,0.104824
,3826.628242,0.104907
,3824.699497,0.104724
,3822.770753,0.104466
,3820.842009,0.104489
,3818.913265,0.104657
,3816.984521,0.104839
,3815.055777,0.105008
,3813.127033,0.104927
,3811.198289,0.104599
,3809.269545,0.104393
,3807.340801,0.104515
,3805.412057,0.104681
,3803.483313,0.10475
,3801.554569,0.104854
,3799.625825,0.104771
,3797.69708,0.104436
,3795.768336,0.104178
,3793.839592,0.104063
,3791.910848,0.103993
,3789.982104,0.104003
,3788.05336,0.104117
,3786.124616,0.104315
,3784.195872,0.104446
,3782.267128,0.104409
,3780.338384,0.104401
,3778.40964,0.104454
,3776.480896,0.104334
,3774.552152,0.10406
,3772.623408,0.10392
,3770.694663,0.103985
,3768.765919,0.104029
,3766.837175,0.103951
,3764.908431,0.103841
,3762.979687,0.103741
,3761.050943,0.103665
,3759.122199,0.103705
,3757.193455,0.103862
,3755.264711,0.103938
,3753.335967,0.103755
,3751.407223,0.103363
,3749.478479,0.103165
,3747.549735,0.10335
,3745.62099,0.10355
,3743.692246,0.103464
,3741.763502,0.103179
,3739.834758,0.102995
,3737.906014,0.10307
,3735.97727,0.103186
,3734.048526,0.103109
,3732.119782,0.102993
,3730.191038,0.102993
,3728.262294,0.102944
,3726.33355,0.102842
,3724.404806,0.102799
,3722.476062,0.102822
,3720.547318,0.10299
,3718.618573,0.103208
,3716.689829,0.103303
,3714.761085,0.10325
,3712.832341,0.103022
,3710.903597,0.102781
,3708.974853,0.102632
,3707.046109,0.102404
,3705.117365,0.102323
,3703.188621,0.102658
,3701.259877,0.102968
,3699.331133,0.102953
,3697.402389,0.102832
,3695.473645,0.102611
,3693.5449,0.102328
,3691.616156,0.102232
,3689.687412,0.10218
,3687.758668,0.101905
,3685.829924,0.101546
,3683.90118,0.101213
,3681.972436,0.10096
,3680.043692,0.100886
,3678.114948,0.100829
,3676.186204,0.100681
,3674.25746,0.100595
,3672.328716,0.100641
,3670.399972,0.100754
,3668.471228,0.100878
,3666.542483,0.10092
,3664.613739,0.100783
,3662.684995,0.100662
,3660.756251,0.100785
,3658.827507,0.10089
,3656.898763,0.100627
,3654.970019,0.100222
,3653.041275,0.100171
,3651.112531,0.100453
,3649.183787,0.100647
,3647.255043,0.100561
,3645.326299,0.100414
,3643.397555,0.100466
,3641.468811,0.100649
,3639.540066,0.100692
,3637.611322,0.100536
,3635.682578,0.100348
,3633.753834,0.100145
,3631.82509,0.099884
,3629.896346,0.099747
,3627.967602,0.099819
,3626.038858,0.099859
,3624.110114,0.099716
,3622.18137,0.099592
,3620.252626,0.0997
,3618.323882,0.099782
,3616.395138,0.099538
,3614.466393,0.099271
,3612.537649,0.099343
,3610.608905,0.099571
,3608.680161,0.099573
,3606.751417,0.099266
,3604.822673,0.099004
,3602.893929,0.099138
,3600.965185,0.099388
,3599.036441,0.09924
,3597.107697,0.098925
,3595.178953,0.098969
,3593.250209,0.099136
,3591.321465,0.098949
,3589.392721,0.09855
,3587.463976,0.098367
,3585.535232,0.098419
,3583.606488,0.098405
,3581.677744,0.098358
,3579.749,0.098412
,3577.820256,0.098456
,3575.891512,0.098499
,3573.962768,0.098489
,3572.034024,0.098252
,3570.10528,0.097974
,3568.176536,0.097863
,3566.247792,0.097777
,3564.319048,0.097646
,3562.390304,0.097612
,3560.461559,0.097616
,3558.532815,0.09744
,3556.604071,0.09731
,3554.675327,0.097513
,3552.746583,0.097621
,3550.817839,0.097288
,3548.889095,0.096911
,3546.960351,0.09681
,3545.031607,0.096859
,3543.102863,0.096978
,3541.174119,0.097192
,3539.245375,0.097383
,3537.316631,0.097352
,3535.387886,0.097131
,3533.459142,0.096961
,3531.530398,0.096867
,3529.601654,0.096837
,3527.67291,0.096953
,3525.744166,0.097054
,3523.815422,0.097032
,3521.886678,0.097004
,3519.957934,0.096984
,3518.02919,0.096933
,3516.100446,0.096907
,3514.171702,0.096939
,3512.242958,0.096927
,3510.314214,0.096823
,3508.385469,0.09674
,3506.456725,0.096691
,3504.527981,0.096597
,3502.599237,0.096459
,3500.670493,0.09633
,3498.741749,0.096324
,3496.813005,0.096391
,3494.884261,0.096286
,3492.955517,0.096053
,3491.026773,0.095925
,3489.098029,0.09591
,3487.169285,0.095902
,3485.240541,0.095907
,3483.311796,0.095828
,3481.383052,0.095463
,3479.454308,0.095114
,3477.525564,0.095116
,3475.59682,0.095077
,3473.668076,0.094785
,3471.739332,0.094558
,3469.810588,0.094505
,3467.881844,0.094487
,3465.9531,0.094347
,3464.024356,0.094074
,3462.095612,0.093895
,3460.166868,0.093864
,3458.238124,0.093733
,3456.309379,0.093516
,3454.380635,0.093387
,3452.451891,0.093275
,3450.523147,0.0932
,3448.594403,0.093201
,3446.665659,0.093075
,3444.736915,0.092844
,3442.808171,0.092726
,3440.879427,0.092701
,3438.950683,0.092712
,3437.021939,0.092678
,3435.093195,0.092473
,3433.164451,0.09233
,3431.235707,0.092499
,3429.306962,0.09272
,3427.378218,0.092695
,3425.449474,0.092684
,3423.52073,0.092961
,3421.591986,0.093235
,3419.663242,0.093294
,3417.734498,0.093254
,3415.805754,0.093187
,3413.87701,0.093203
,3411.948266,0.093389
,3410.019522,0.093653
,3408.090778,0.093876
,3406.162034,0.094077
,3404.233289,0.094347
,3402.304545,0.09463
,3400.375801,0.094735
,3398.447057,0.094649
,3396.518313,0.094598
,3394.589569,0.094676
,3392.660825,0.09476
,3390.732081,0.094775
,3388.803337,0.0946
,3386.874593,0.094246
,3384.945849,0.094074
,3383.017105,0.0942
,3381.088361,0.094334
,3379.159617,0.094376
,3377.230872,0.094489
,3375.302128,0.094696
,3373.373384,0.094805
,3371.44464,0.09482
,3369.515896,0.094944
,3367.587152,0.095133
,3365.658408,0.095212
,3363.729664,0.095214
,3361.80092,0.095256
,3359.872176,0.095351
,3357.943432,0.095418
,3356.014688,0.095311
,3354.085944,0.095076
,3352.1572,0.095036
,3350.228455,0.09515
,3348.299711,0.095072
,3346.370967,0.094867
,3344.442223,0.0949
,3342.513479,0.095225
,3340.584735,0.095514
,3338.655991,0.095648
,3336.727247,0.095741
,3334.798503,0.095689
,3332.869759,0.095479
,3330.941015,0.095305
,3329.012271,0.095172
,3327.083527,0.095116
,3325.154782,0.095256
,3323.226038,0.095455
,3321.297294,0.095562
,3319.36855,0.095541
,3317.439806,0.095383
,3315.511062,0.095283
,3313.582318,0.095382
,3311.653574,0.09548
,3309.72483,0.095472
,3307.796086,0.095518
,3305.867342,0.095637
,3303.938598,0.095734
,3302.009854,0.095898
,3300.08111,0.09613
,3298.152365,0.096217
,3296.223621,0.09619
,3294.294877,0.096222
,3292.366133,0.096237
,3290.437389,0.096205
,3288.508645,0.096308
,3286.579901,0.096646
,3284.651157,0.097037
,3282.722413,0.097194
,3280.793669,0.097156
,3278.864925,0.097189
,3276.936181,0.09733
,3275.007437,0.097439
,3273.078692,0.097442
,3271.149948,0.097434
,3269.221204,0.097525
,3267.29246,0.097569
,3265.363716,0.097414
,3263.434972,0.09718
,3261.506228,0.09711
,3259.577484,0.09733
,3257.64874,0.097701
,3255.719996,0.097924
,3253.791252,0.097831
,3251.862508,0.097616
,3249.933764,0.097539
,3248.00502,0.097504
,3246.076275,0.097395
,3244.147531,0.097269
,3242.218787,0.09718
,3240.290043,0.097283
,3238.361299,0.097597
,3236.432555,0.097743
,3234.503811,0.097475
,3232.575067,0.097063
,3230.646323,0.096796
,3228.717579,0.096716
,3226.788835,0.096728
,3224.860091,0.096678
,3222.931347,0.096611
,3221.002603,0.096661
,3219.073858,0.096794
,3217.145114,0.096934
,3215.21637,0.096964
,3213.287626,0.096859
,3211.358882,0.096865
,3209.430138,0.097053
,3207.501394,0.097127
,3205.57265,0.096932
,3203.643906,0.096655
,3201.715162,0.096502
,3199.786418,0.096474
,3197.857674,0.096498
,3195.92893,0.096568
,3194.000185,0.096651
,3192.071441,0.09666
,3190.142697,0.096552
,3188.213953,0.096539
,3186.285209,0.096791
,3184.356465,0.097004
,3182.427721,0.096936
,3180.498977,0.096744
,3178.570233,0.096489
,3176.641489,0.096181
,3174.712745,0.095994
,3172.784001,0.09595
,3170.855257,0.095972
,3168.926513,0.096052
,3166.997768,0.09616
,3165.069024,0.096374
,3163.14028,0.096604
,3161.211536,0.096568
,3159.282792,0.096392
,3157.354048,0.096382
,3155.425304,0.096528
,3153.49656,0.096643
,3151.567816,0.096632
,3149.639072,0.096607
,3147.710328,0.096671
,3145.781584,0.09672
,3143.85284,0.096737
,3141.924096,0.096834
,3139.995351,0.096998
,3138.066607,0.097175
,3136.137863,0.09725
,3134.209119,0.097139
,3132.280375,0.097053
,3130.351631,0.097168
,3128.422887,0.09736
,3126.494143,0.09738
,3124.565399,0.09715
,3122.636655,0.096945
,3120.707911,0.097025
,3118.779167,0.097205
,3116.850423,0.097242
,3114.921678,0.097225
,3112.992934,0.097256
,3111.06419,0.097235
,3109.135446,0.097082
,3107.206702,0.096889
,3105.277958,0.096808
,3103.349214,0.096894
,3101.42047,0.097066
,3099.491726,0.097172
,3097.562982,0.097211
,3095.634238,0.09723
,3093.705494,0.097182
,3091.77675,0.097069
,3089.848006,0.096871
,3087.919261,0.09659
,3085.990517,0.096332
,3084.061773,0.096112
,3082.133029,0.095872
,3080.204285,0.095666
,3078.275541,0.095496
,3076.346797,0.095251
,3074.418053,0.094991
,3072.489309,0.094814
,3070.560565,0.094764
,3068.631821,0.094951
,3066.703077,0.095238
,3064.774333,0.095336
,3062.845589,0.095359
,3060.916844,0.095604
,3058.9881,0.095967
,3057.059356,0.096115
,3055.130612,0.096002
,3053.201868,0.095892
,3051.273124,0.096006
,3049.34438,0.096293
,3047.415636,0.096555
,3045.486892,0.096597
,3043.558148,0.096344
,3041.629404,0.096035
,3039.70066,0.095958
,3037.771916,0.096076
,3035.843171,0.096201
,3033.914427,0.096201
,3031.985683,0.096044
,3030.056939,0.095896
,3028.128195,0.095938
,3026.199451,0.096167
,3024.270707,0.096402
,3022.341963,0.096437
,3020.413219,0.096326
,3018.484475,0.096182
,3016.555731,0.095927
,3014.626987,0.09558
,3012.698243,0.095296
,3010.769499,0.095059
,3008.840754,0.094675
,3006.91201,0.094096
,3004.983266,0.093544
,3003.054522,0.093121
,3001.125778,0.092598
,2999.197034,0.091797
,2997.26829,0.090827
,2995.339546,0.089706
,2993.410802,0.08828
,2991.482058,0.086565
,2989.553314,0.084663
,2987.62457,0.082515
,2985.695826,0.079948
,2983.767081,0.076873
,2981.838337,0.073322
,2979.909593,0.069228
,2977.980849,0.064451
,2976.052105,0.058916
,2974.123361,0.052589
,2972.194617,0.045631
,2970.265873,0.038244
,2968.337129,0.030533
,2966.408385,0.022851
,2964.479641,0.015844
,2962.550897,0.010251
,2960.622153,0.006811
,2958.693409,0.006291
,2956.764664,0.009103
,2954.83592,0.014553
,2952.907176,0.021236
,2950.978432,0.027815
,2949.049688,0.033283
,2947.120944,0.037153
,2945.1922,0.039291
,2943.263456,0.039779
,2941.334712,0.0389
,2939.405968,0.037042
,2937.477224,0.034726
,2935.54848,0.032621
,2933.619736,0.031408
,2931.690992,0.031525
,2929.762247,0.033056
,2927.833503,0.035559
,2925.904759,0.038015
,2923.976015,0.039609
,2922.047271,0.040194
,2920.118527,0.039981
,2918.189783,0.03954
,2916.261039,0.039641
,2914.332295,0.04055
,2912.403551,0.041932
,2910.474807,0.043443
,2908.546063,0.044997
,2906.617319,0.046719
,2904.688574,0.048714
,2902.75983,0.050853
,2900.831086,0.05302
,2898.902342,0.055317
,2896.973598,0.057736
,2895.044854,0.060065
,2893.11611,0.06225
,2891.187366,0.064337
,2889.258622,0.066137
,2887.329878,0.067304
,2885.401134,0.067497
,2883.47239,0.066431
,2881.543646,0.063905
,2879.614902,0.059957
,2877.686157,0.055285
,2875.757413,0.051269
,2873.828669,0.049199
,2871.899925,0.04953
,2869.971181,0.05173
,2868.042437,0.054737
,2866.113693,0.057856
,2864.184949,0.061012
,2862.256205,0.064246
,2860.327461,0.067349
,2858.398717,0.070003
,2856.469973,0.072049
,2854.541229,0.07326
,2852.612485,0.073418
,2850.68374,0.072952
,2848.754996,0.07286
,2846.826252,0.073799
,2844.897508,0.075578
,2842.968764,0.077577
,2841.04002,0.079356
,2839.111276,0.080834
,2837.182532,0.082096
,2835.253788,0.083196
,2833.325044,0.08417
,2831.3963,0.085027
,2829.467556,0.085716
,2827.538812,0.086134
,2825.610067,0.086318
,2823.681323,0.086517
,2821.752579,0.086768
,2819.823835,0.086975
,2817.895091,0.087183
,2815.966347,0.087395
,2814.037603,0.087709
,2812.108859,0.088254
,2810.180115,0.08885
,2808.251371,0.089307
,2806.322627,0.089667
,2804.393883,0.089998
,2802.465139,0.090314
,2800.536395,0.090592
,2798.60765,0.090814
,2796.678906,0.091026
,2794.750162,0.091276
,2792.821418,0.091533
,2790.892674,0.091709
,2788.96393,0.09179
,2787.035186,0.091876
,2785.106442,0.091997
,2783.177698,0.09211
,2781.248954,0.09222
,2779.32021,0.092351
,2777.391466,0.092497
,2775.462722,0.092554
,2773.533977,0.092469
,2771.605233,0.092395
,2769.676489,0.092464
,2767.747745,0.092626
,2765.819001,0.092768
,2763.890257,0.092812
,2761.961513,0.092781
,2760.032769,0.092768
,2758.104025,0.092834
,2756.175281,0.092937
,2754.246537,0.092972
,2752.317793,0.092979
,2750.389049,0.093058
,2748.460305,0.093078
,2746.53156,0.092939
,2744.602816,0.092826
,2742.674072,0.092825
,2740.745328,0.092852
,2738.816584,0.09288
,2736.88784,0.092884
,2734.959096,0.092868
,2733.030352,0.092857
,2731.101608,0.09287
,2729.172864,0.092979
,2727.24412,0.093211
,2725.315376,0.093521
,2723.386632,0.09383
,2721.457888,0.094054
,2719.529143,0.09415
,2717.600399,0.094162
,2715.671655,0.094206
,2713.742911,0.094278
,2711.814167,0.094287
,2709.885423,0.094251
,2707.956679,0.094232
,2706.027935,0.094269
,2704.099191,0.094385
,2702.170447,0.094488
,2700.241703,0.094504
,2698.312959,0.094485
,2696.384215,0.094477
,2694.45547,0.094461
,2692.526726,0.094465
,2690.597982,0.094559
,2688.669238,0.094723
,2686.740494,0.09488
,2684.81175,0.094966
,2682.883006,0.09489
,2680.954262,0.094708
,2679.025518,0.094657
,2677.096774,0.094774
,2675.16803,0.094868
,2673.239286,0.094884
,2671.310542,0.094912
,2669.381798,0.094959
,2667.453053,0.094954
,2665.524309,0.094916
,2663.595565,0.094882
,2661.666821,0.094811
,2659.738077,0.09473
,2657.809333,0.09472
,2655.880589,0.094659
,2653.951845,0.094406
,2652.023101,0.094091
,2650.094357,0.093879
,2648.165613,0.093762
,2646.236869,0.093669
,2644.308125,0.09349
,2642.379381,0.093248
,2640.450636,0.093046
,2638.521892,0.092799
,2636.593148,0.092501
,2634.664404,0.092291
,2632.73566,0.092112
,2630.806916,0.091863
,2628.878172,0.091588
,2626.949428,0.091261
,2625.020684,0.090838
,2623.09194,0.090448
,2621.163196,0.090163
,2619.234452,0.089869
,2617.305708,0.089534
,2615.376963,0.089205
,2613.448219,0.088863
,2611.519475,0.088582
,2609.590731,0.088435
,2607.661987,0.08826
,2605.733243,0.087919
,2603.804499,0.087576
,2601.875755,0.087421
,2599.947011,0.087275
,2598.018267,0.08695
,2596.089523,0.086659
,2594.160779,0.08655
,2592.232035,0.086445
,2590.303291,0.08625
,2588.374546,0.086056
,2586.445802,0.085881
,2584.517058,0.08557
,2582.588314,0.085093
,2580.65957,0.084786
,2578.730826,0.084856
,2576.802082,0.084987
,2574.873338,0.084932
,2572.944594,0.084829
,2571.01585,0.0847
,2569.087106,0.084433
,2567.158362,0.084061
,2565.229618,0.083722
,2563.300874,0.0836
,2561.372129,0.083684
,2559.443385,0.083726
,2557.514641,0.083633
,2555.585897,0.083528
,2553.657153,0.083457
,2551.728409,0.083339
,2549.799665,0.083271
,2547.870921,0.083377
,2545.942177,0.083399
,2544.013433,0.083102
,2542.084689,0.082717
,2540.155945,0.082531
,2538.227201,0.082558
,2536.298456,0.082559
,2534.369712,0.082367
,2532.440968,0.082135
,2530.512224,0.082008
,2528.58348,0.081962
,2526.654736,0.08199
,2524.725992,0.082025
,2522.797248,0.082041
,2520.868504,0.082104
,2518.93976,0.082098
,2517.011016,0.081994
,2515.082272,0.082028
,2513.153528,0.082074
,2511.224784,0.081866
,2509.296039,0.0816
,2507.367295,0.081529
,2505.438551,0.08175
,2503.509807,0.082128
,2501.581063,0.082255
,2499.652319,0.082178
,2497.723575,0.082383
,2495.794831,0.082908
,2493.866087,0.083306
,2491.937343,0.083321
,2490.008599,0.083154
,2488.079855,0.083096
,2486.151111,0.083212
,2484.222366,0.083453
,2482.293622,0.083701
,2480.364878,0.083762
,2478.436134,0.083716
,2476.50739,0.083825
,2474.578646,0.084046
,2472.649902,0.084181
,2470.721158,0.084219
,2468.792414,0.084285
,2466.86367,0.084323
,2464.934926,0.084256
,2463.006182,0.084245
,2461.077438,0.084367
,2459.148694,0.084489
,2457.219949,0.084471
,2455.291205,0.084375
,2453.362461,0.084356
,2451.433717,0.084285
,2449.504973,0.084032
,2447.576229,0.083791
,2445.647485,0.08379
,2443.718741,0.084013
,2441.789997,0.084219
,2439.861253,0.084205
,2437.932509,0.084063
,2436.003765,0.083985
,2434.075021,0.083975
,2432.146277,0.084116
,2430.217532,0.084512
,2428.288788,0.084905
,2426.360044,0.085037
,2424.4313,0.085005
,2422.502556,0.085006
,2420.573812,0.085115
,2418.645068,0.085336
,2416.716324,0.085501
,2414.78758,0.085476
,2412.858836,0.085439
,2410.930092,0.085562
,2409.001348,0.08587
,2407.072604,0.086177
,2405.143859,0.08623
,2403.215115,0.086264
,2401.286371,0.086545
,2399.357627,0.08689
,2397.428883,0.087209
,2395.500139,0.087538
,2393.571395,0.087777
,2391.642651,0.087963
,2389.713907,0.088231
,2387.785163,0.08847
,2385.856419,0.088586
,2383.927675,0.088773
,2381.998931,0.089181
,2380.070187,0.089722
,2378.141442,0.090206
,2376.212698,0.090501
,2374.283954,0.090693
,2372.35521,0.091001
,2370.426466,0.091505
,2368.497722,0.092046
,2366.568978,0.092453
,2364.640234,0.09278
,2362.71149,0.093106
,2360.782746,0.093329
,2358.854002,0.093369
,2356.925258,0.093345
,2354.996514,0.093385
,2353.06777,0.093435
,2351.139025,0.093493
,2349.210281,0.093641
,2347.281537,0.093814
,2345.352793,0.093867
,2343.424049,0.093806
,2341.495305,0.093796
,2339.566561,0.093879
,2337.637817,0.093901
,2335.709073,0.093881
,2333.780329,0.093951
,2331.851585,0.094043
,2329.922841,0.094074
,2327.994097,0.093957
,2326.065352,0.093435
,2324.136608,0.092546
,2322.207864,0.091732
,2320.27912,0.091119
,2318.350376,0.090416
,2316.421632,0.089613
,2314.492888,0.088921
,2312.564144,0.088335
,2310.6354,0.087727
,2308.706656,0.087074
,2306.777912,0.086399
,2304.849168,0.085669
,2302.920424,0.085019
,2300.99168,0.084606
,2299.062935,0.084126
,2297.134191,0.083359
,2295.205447,0.082561
,2293.276703,0.081801
,2291.347959,0.080843
,2289.419215,0.079675
,2287.490471,0.078483
,2285.561727,0.077199
,2283.632983,0.075788
,2281.704239,0.074628
,2279.775495,0.073776
,2277.846751,0.072826
,2275.918007,0.07184
,2273.989262,0.071091
,2272.060518,0.070241
,2270.131774,0.069127
,2268.20303,0.068158
,2266.274286,0.067321
,2264.345542,0.066556
,2262.416798,0.066211
,2260.488054,0.066067
,2258.55931,0.065352
,2256.630566,0.063906
,2254.701822,0.062527
,2252.773078,0.062022
,2250.844334,0.062092
,2248.91559,0.061666
,2246.986845,0.060565
,2245.058101,0.059428
,2243.129357,0.058391
,2241.200613,0.057665
,2239.271869,0.057467
,2237.343125,0.057078
,2235.414381,0.056092
,2233.485637,0.055132
,2231.556893,0.054714
,2229.628149,0.054691
,2227.699405,0.054459
,2225.770661,0.053603
,2223.841917,0.052528
,2221.913173,0.051741
,2219.984428,0.051108
,2218.055684,0.050411
,2216.12694,0.049741
,2214.198196,0.049171
,2212.269452,0.048574
,2210.340708,0.047967
,2208.411964,0.047398
,2206.48322,0.046534
,2204.554476,0.04539
,2202.625732,0.044462
,2200.696988,0.043827
,2198.768244,0.043305
,2196.8395,0.04284
,2194.910755,0.042322
,2192.982011,0.041557
,2191.053267,0.04052
,2189.124523,0.039718
,2187.195779,0.039393
,2185.267035,0.038737
,2183.338291,0.03756
,2181.409547,0.036912
,2179.480803,0.036819
,2177.552059,0.036303
,2175.623315,0.035586
,2173.694571,0.035333
,2171.765827,0.035052
,2169.837083,0.034295
,2167.908338,0.033217
,2165.979594,0.031828
,2164.05085,0.030202
,2162.122106,0.028375
,2160.193362,0.026911
,2158.264618,0.027322
,2156.335874,0.029818
,2154.40713,0.033012
,2152.478386,0.035845
,2150.549642,0.037785
,2148.620898,0.039095
,2146.692154,0.040623
,2144.76341,0.042519
,2142.834666,0.044404
,2140.905921,0.046184
,2138.977177,0.047925
,2137.048433,0.049619
,2135.119689,0.051435
,2133.190945,0.053636
,2131.262201,0.055896
,2129.333457,0.057656
,2127.404713,0.059072
,2125.475969,0.060473
,2123.547225,0.061648
,2121.618481,0.062413
,2119.689737,0.062878
,2117.760993,0.06306
,2115.832248,0.063005
,2113.903504,0.062855
,2111.97476,0.062691
,2110.046016,0.062583
,2108.117272,0.062357
,2106.188528,0.061779
,2104.259784,0.061048
,2102.33104,0.060395
,2100.402296,0.059864
,2098.473552,0.059526
,2096.544808,0.059589
,2094.616064,0.060189
,2092.68732,0.060945
,2090.758576,0.061472
,2088.829831,0.061624
,2086.901087,0.061201
,2084.972343,0.060268
,2083.043599,0.059201
,2081.114855,0.058343
,2079.186111,0.057762
,2077.257367,0.057421
,2075.328623,0.057326
,2073.399879,0.057001
,2071.471135,0.055869
,2069.542391,0.054256
,2067.613647,0.053018
,2065.684903,0.052463
,2063.756158,0.05225
,2061.827414,0.051913
,2059.89867,0.051179
,2057.969926,0.050149
,2056.041182,0.049248
,2054.112438,0.048435
,2052.183694,0.046585
,2050.25495,0.043281
,2048.326206,0.040372
,2046.397462,0.039187
,2044.468718,0.038581
,2042.539974,0.037511
,2040.61123,0.036032
,2038.682486,0.034249
,2036.753741,0.032625
,2034.824997,0.031798
,2032.896253,0.031734
,2030.967509,0.031829
,2029.038765,0.031486
,2027.110021,0.031008
,2025.181277,0.031129
,2023.252533,0.031613
,2021.323789,0.031786
,2019.395045,0.031612
,2017.466301,0.0317
,2015.537557,0.032352
,2013.608813,0.033041
,2011.680069,0.03343
,2009.751324,0.033732
,2007.82258,0.033883
,2005.893836,0.0341
,2003.965092,0.035342
,2002.036348,0.037387
,2000.107604,0.038714
,1998.17886,0.038928
,1996.250116,0.038724
,1994.321372,0.03843
,1992.392628,0.03823
,1990.463884,0.03826
,1988.53514,0.038202
,1986.606396,0.037711
,1984.677651,0.036747
,1982.748907,0.03527
,1980.820163,0.033358
,1978.891419,0.031796
,1976.962675,0.031462
,1975.033931,0.03213
,1973.105187,0.033117
,1971.176443,0.034241
,1969.247699,0.035547
,1967.318955,0.036847
,1965.390211,0.037887
,1963.461467,0.038811
,1961.532723,0.039951
,1959.603979,0.041302
,1957.675234,0.042721
,1955.74649,0.044466
,1953.817746,0.046474
,1951.889002,0.047926
,1949.960258,0.048865
,1948.031514,0.050246
,1946.10277,0.05194
,1944.174026,0.053221
,1942.245282,0.054258
,1940.316538,0.055478
,1938.387794,0.05687
,1936.45905,0.058188
,1934.530306,0.059352
,1932.601562,0.06069
,1930.672817,0.062277
,1928.744073,0.063658
,1926.815329,0.064691
,1924.886585,0.065725
,1922.957841,0.066974
,1921.029097,0.068257
,1919.100353,0.069202
,1917.171609,0.069645
,1915.242865,0.069983
,1913.314121,0.070645
,1911.385377,0.071491
,1909.456633,0.072291
,1907.527889,0.073156
,1905.599144,0.074174
,1903.6704,0.075171
,1901.741656,0.076016
,1899.812912,0.076679
,1897.884168,0.077113
,1895.955424,0.077464
,1894.02668,0.077949
,1892.097936,0.078567
,1890.169192,0.079199
,1888.240448,0.079727
,1886.311704,0.080226
,1884.38296,0.080968
,1882.454216,0.081794
,1880.525472,0.082259
,1878.596727,0.08254
,1876.667983,0.083082
,1874.739239,0.083792
,1872.810495,0.08432
,1870.881751,0.084707
,1868.953007,0.085238
,1867.024263,0.085786
,1865.095519,0.08612
,1863.166775,0.086426
,1861.238031,0.08685
,1859.309287,0.087285
,1857.380543,0.087668
,1855.451799,0.088076
,1853.523055,0.088515
,1851.59431,0.088854
,1849.665566,0.089162
,1847.736822,0.089633
,1845.808078,0.090251
,1843.879334,0.090892
,1841.95059,0.091529
,1840.021846,0.092132
,1838.093102,0.092648
,1836.164358,0.093118
,1834.235614,0.093603
,1832.30687,0.094117
,1830.378126,0.09463
,1828.449382,0.09509
,1826.520637,0.095525
,1824.591893,0.095981
,1822.663149,0.096354
,1820.734405,0.096622
,1818.805661,0.097128
,1816.876917,0.09803
,1814.948173,0.098949
,1813.019429,0.099673
,1811.090685,0.10028
,1809.161941,0.100718
,1807.233197,0.100921
,1805.304453,0.100888
,1803.375709,0.100629
,1801.446965,0.100305
,1799.51822,0.100148
,1797.589476,0.100228
,1795.660732,0.100458
,1793.731988,0.100834
,1791.803244,0.101453
,1789.8745,0.102156
,1787.945756,0.102706
,1786.017012,0.103121
,1784.088268,0.103445
,1782.159524,0.103612
,1780.23078,0.103571
,1778.302036,0.103461
,1776.373292,0.103483
,1774.444547,0.103601
,1772.515803,0.103603
,1770.587059,0.103397
,1768.658315,0.103141
,1766.729571,0.102934
,1764.800827,0.102648
,1762.872083,0.102125
,1760.943339,0.101324
,1759.014595,0.100211
,1757.085851,0.098623
,1755.157107,0.09634
,1753.228363,0.092994
,1751.299619,0.088005
,1749.370875,0.080808
,1747.44213,0.070929
,1745.513386,0.057867
,1743.584642,0.041393
,1741.655898,0.02166
,1739.727154,-0.000846
,1737.79841,-0.024627
,1735.869666,-0.049127
,1733.940922,-0.075224
,1732.012178,-0.101499
,1730.083434,-0.126398
,1728.15469,-0.150372
,1726.225946,-0.173016
,1724.297202,-0.193069
,1722.368458,-0.208718
,1720.439713,-0.217738
,1718.510969,-0.218048
,1716.582225,-0.207805
,1714.653481,-0.187137
,1712.724737,-0.158633
,1710.795993,-0.125769
,1708.867249,-0.092248
,1706.938505,-0.06095
,1705.009761,-0.033989
,1703.081017,-0.012327
,1701.152273,0.005174
,1699.223529,0.019118
,1697.294785,0.029498
,1695.36604,0.037299
,1693.437296,0.043077
,1691.508552,0.047364
,1689.579808,0.050841
,1687.651064,0.05365
,1685.72232,0.055999
,1683.793576,0.058097
,1681.864832,0.059949
,1679.936088,0.061778
,1678.007344,0.063833
,1676.0786,0.06613
,1674.149856,0.068551
,1672.221112,0.070975
,1670.292368,0.073348
,1668.363623,0.075482
,1666.434879,0.077206
,1664.506135,0.07871
,1662.577391,0.080163
,1660.648647,0.081463
,1658.719903,0.082506
,1656.791159,0.083345
,1654.862415,0.084203
,1652.933671,0.085191
,1651.004927,0.08598
,1649.076183,0.086405
,1647.147439,0.086736
,1645.218695,0.08713
,1643.289951,0.087552
,1641.361206,0.088033
,1639.432462,0.088569
,1637.503718,0.089179
,1635.574974,0.089962
,1633.64623,0.090751
,1631.717486,0.091292
,1629.788742,0.091645
,1627.859998,0.091998
,1625.931254,0.092442
,1624.00251,0.093016
,1622.073766,0.093663
,1620.145022,0.094233
,1618.216278,0.094721
,1616.287533,0.095164
,1614.358789,0.095419
,1612.430045,0.095397
,1610.501301,0.095021
,1608.572557,0.093878
,1606.643813,0.09117
,1604.715069,0.08639
,1602.786325,0.080448
,1600.857581,0.07581
,1598.928837,0.074817
,1597.000093,0.077735
,1595.071349,0.082634
,1593.142605,0.087158
,1591.213861,0.090087
,1589.285116,0.091221
,1587.356372,0.090431
,1585.427628,0.087383
,1583.498884,0.08242
,1581.57014,0.077554
,1579.641396,0.075707
,1577.712652,0.078261
,1575.783908,0.083719
,1573.855164,0.088952
,1571.92642,0.092423
,1569.997676,0.094565
,1568.068932,0.095972
,1566.140188,0.096911
,1564.211443,0.097563
,1562.282699,0.098064
,1560.353955,0.098468
,1558.425211,0.098621
,1556.496467,0.098407
,1554.567723,0.098048
,1552.638979,0.097622
,1550.710235,0.096941
,1548.781491,0.095863
,1546.852747,0.094383
,1544.924003,0.092604
,1542.995259,0.090642
,1541.066515,0.088743
,1539.137771,0.08748
,1537.209026,0.087235
,1535.280282,0.087757
,1533.351538,0.088536
,1531.422794,0.089071
,1529.49405,0.089193
,1527.565306,0.089031
,1525.636562,0.088715
,1523.707818,0.088275
,1521.779074,0.087712
,1519.85033,0.087049
,1517.921586,0.086275
,1515.992842,0.085366
,1514.064098,0.084329
,1512.135354,0.083219
,1510.206609,0.082119
,1508.277865,0.081003
,1506.349121,0.079737
,1504.420377,0.07829
,1502.491633,0.076682
,1500.562889,0.074857
,1498.634145,0.072724
,1496.705401,0.069983
,1494.776657,0.066217
,1492.847913,0.061245
,1490.919169,0.055472
,1488.990425,0.05041
,1487.061681,0.047671
,1485.132936,0.047116
,1483.204192,0.047105
,1481.275448,0.046016
,1479.346704,0.043004
,1477.41796,0.037945
,1475.489216,0.031426
,1473.560472,0.024344
,1471.631728,0.017203
,1469.702984,0.010132
,1467.77424,0.003446
,1465.845496,-0.001873
,1463.916752,-0.005007
,1461.988008,-0.006565
,1460.059264,-0.007761
,1458.130519,-0.008969
,1456.201775,-0.009776
,1454.273031,-0.010294
,1452.344287,-0.011746
,1450.415543,-0.014861
,1448.486799,-0.018004
,1446.558055,-0.018474
,1444.629311,-0.016351
,1442.700567,-0.014859
,1440.771823,-0.016791
,1438.843079,-0.022592
,1436.914335,-0.03087
,1434.985591,-0.038643
,1433.056847,-0.043465
,1431.128102,-0.04603
,1429.199358,-0.048942
,1427.270614,-0.052782
,1425.34187,-0.054555
,1423.413126,-0.052095
,1421.484382,-0.047153
,1419.555638,-0.042183
,1417.626894,-0.037916
,1415.69815,-0.033962
,1413.769406,-0.029542
,1411.840662,-0.024137
,1409.911918,-0.017911
,1407.983174,-0.011537
,1406.054429,-0.00572
,1404.125685,-0.001011
,1402.196941,0.002194
,1400.268197,0.003835
,1398.339453,0.004152
,1396.410709,0.003351
,1394.481965,0.001463
,1392.553221,-0.001304
,1390.624477,-0.004519
,1388.695733,-0.007865
,1386.766989,-0.01086
,1384.838245,-0.012607
,1382.909501,-0.012236
,1380.980757,-0.009148
,1379.052012,-0.003203
,1377.123268,0.004573
,1375.194524,0.012086
,1373.26578,0.017695
,1371.337036,0.021635
,1369.408292,0.025397
,1367.479548,0.029616
,1365.550804,0.033507
,1363.62206,0.036067
,1361.693316,0.036848
,1359.764572,0.03605
,1357.835828,0.034554
,1355.907084,0.0338
,1353.97834,0.03507
,1352.049595,0.038448
,1350.120851,0.042669
,1348.192107,0.04614
,1346.263363,0.047762
,1344.334619,0.047009
,1342.405875,0.044056
,1340.477131,0.039928
,1338.548387,0.036021
,1336.619643,0.033276
,1334.690899,0.031614
,1332.762155,0.03007
,1330.833411,0.027636
,1328.904667,0.024311
,1326.975922,0.021631
,1325.047178,0.021731
,1323.118434,0.025133
,1321.18969,0.029985
,1319.260946,0.033849
,1317.332202,0.035269
,1315.403458,0.033736
,1313.474714,0.029111
,1311.54597,0.0215
,1309.617226,0.011625
,1307.688482,0.000629
,1305.759738,-0.011114
,1303.830994,-0.024342
,1301.90225,-0.039796
,1299.973505,-0.057642
,1298.044761,-0.078213
,1296.116017,-0.102372
,1294.187273,-0.130448
,1292.258529,-0.160879
,1290.329785,-0.19014
,1288.401041,-0.214565
,1286.472297,-0.232771
,1284.543553,-0.246083
,1282.614809,-0.25658
,1280.686065,-0.265131
,1278.757321,-0.271059
,1276.828577,-0.272965
,1274.899832,-0.269946
,1272.971088,-0.262656
,1271.042344,-0.253539
,1269.1136,-0.245826
,1267.184856,-0.241746
,1265.256112,-0.241369
,1263.327368,-0.243166
,1261.398624,-0.245418
,1259.46988,-0.246994
,1257.541136,-0.247057
,1255.612392,-0.244314
,1253.683648,-0.237305
,1251.754904,-0.226
,1249.82616,-0.212339
,1247.897415,-0.198631
,1245.968671,-0.185722
,1244.039927,-0.172913
,1242.111183,-0.159339
,1240.182439,-0.144924
,1238.253695,-0.130226
,1236.324951,-0.116042
,1234.396207,-0.103175
,1232.467463,-0.091921
,1230.538719,-0.081521
,1228.609975,-0.070542
,1226.681231,-0.058003
,1224.752487,-0.044232
,1222.823743,-0.030704
,1220.894998,-0.018923
,1218.966254,-0.009517
,1217.03751,-0.002353
,1215.108766,0.003016
,1213.180022,0.007035
,1211.251278,0.010044
,1209.322534,0.012318
,1207.39379,0.013951
,1205.465046,0.014956
,1203.536302,0.015536
,1201.607558,0.015972
,1199.678814,0.016461
,1197.75007,0.017193
,1195.821325,0.018364
,1193.892581,0.020118
,1191.963837,0.022506
,1190.035093,0.025544
,1188.106349,0.029186
,1186.177605,0.033122
,1184.248861,0.036854
,1182.320117,0.040032
,1180.391373,0.042502
,1178.462629,0.044096
,1176.533885,0.044606
,1174.605141,0.044063
,1172.676397,0.042851
,1170.747653,0.041434
,1168.818908,0.040007
,1166.890164,0.03848
,1164.96142,0.037042
,1163.032676,0.036153
,1161.103932,0.035451
,1159.175188,0.033646
,1157.246444,0.029958
,1155.3177,0.024899
,1153.388956,0.019441
,1151.460212,0.013879
,1149.531468,0.007397
,1147.602724,-0.001664
,1145.67398,-0.014719
,1143.745236,-0.031684
,1141.816491,-0.050595
,1139.887747,-0.068431
,1137.959003,-0.082701
,1136.030259,-0.092731
,1134.101515,-0.099803
,1132.172771,-0.106099
,1130.244027,-0.113437
,1128.315283,-0.122843
,1126.386539,-0.134696
,1124.457795,-0.148341
,1122.529051,-0.161154
,1120.600307,-0.168908
,1118.671563,-0.167962
,1116.742818,-0.15697
,1114.814074,-0.13695
,1112.88533,-0.111139
,1110.956586,-0.084251
,1109.027842,-0.060331
,1107.099098,-0.04113
,1105.170354,-0.026473
,1103.24161,-0.015346
,1101.312866,-0.006616
,1099.384122,0.000502
,1097.455378,0.00643
,1095.526634,0.011427
,1093.59789,0.01551
,1091.669146,0.018567
,1089.740401,0.0204
,1087.811657,0.020228
,1085.882913,0.016176
,1083.954169,0.004923
,1082.025425,-0.017275
,1080.096681,-0.051474
,1078.167937,-0.093478
,1076.239193,-0.134158
,1074.310449,-0.162563
,1072.381705,-0.171087
,1070.452961,-0.160037
,1068.524217,-0.136807
,1066.595473,-0.110222
,1064.666728,-0.086241
,1062.737984,-0.0673
,1060.80924,-0.053026
,1058.880496,-0.041268
,1056.951752,-0.029866
,1055.023008,-0.018089
,1053.094264,-0.006431
,1051.16552,0.004159
,1049.236776,0.012591
,1047.308032,0.017519
,1045.379288,0.017256
,1043.450544,0.010807
,1041.5218,0.000303
,1039.593056,-0.007936
,1037.664311,-0.007698
,1035.735567,0.001061
,1033.806823,0.013119
,1031.878079,0.023698
,1029.949335,0.031129
,1028.020591,0.035908
,1026.091847,0.038822
,1024.163103,0.039979
,1022.234359,0.03947
,1020.305615,0.038111
,1018.376871,0.036978
,1016.448127,0.036822
,1014.519383,0.038033
,1012.590639,0.040625
,1010.661894,0.044075
,1008.73315,0.047487
,1006.804406,0.05015
,1004.875662,0.051771
,1002.946918,0.052245
,1001.018174,0.05153
,999.08943,0.049797
,997.160686,0.047424
,995.231942,0.04485
,993.303198,0.04264
,991.374454,0.041437
,989.44571,0.04158
,987.516966,0.04276
,985.588221,0.044126
,983.659477,0.044859
,981.730733,0.044488
,979.801989,0.042855
,977.873245,0.039997
,975.944501,0.035789
,974.015757,0.029975
,972.087013,0.022577
,970.158269,0.013819
,968.229525,0.004191
,966.300781,-0.005128
,964.372037,-0.012532
,962.443293,-0.016831
,960.514549,-0.017772
,958.585804,-0.015865
,956.65706,-0.012046
,954.728316,-0.007533
,952.799572,-0.003476
,950.870828,-0.000704
,948.942084,0.000177
,947.01334,-0.001097
,945.084596,-0.004082
,943.155852,-0.007313
,941.227108,-0.008826
,939.298364,-0.007521
,937.36962,-0.003804
,935.440876,0.001096
,933.512132,0.006202
,931.583387,0.011316
,929.654643,0.016814
,927.725899,0.022911
,925.797155,0.02922
,923.868411,0.03522
,921.939667,0.040688
,920.010923,0.045467
,918.082179,0.049395
,916.153435,0.052629
,914.224691,0.055527
,912.295947,0.058069
,910.367203,0.05999
,908.438459,0.061334
,906.509714,0.062417
,904.58097,0.063661
,902.652226,0.065383
,900.723482,0.067498
,898.794738,0.06968
,896.865994,0.071589
,894.93725,0.072923
,893.008506,0.073746
,891.079762,0.074245
,889.151018,0.073538
,887.222274,0.069552
,885.29353,0.06127
,883.364786,0.050232
,881.436042,0.03773
,879.507297,0.022421
,877.578553,0.004116
,875.649809,-0.012313
,873.721065,-0.019774
,871.792321,-0.015221
,869.863577,-0.002286
,867.934833,0.012408
,866.006089,0.024552
,864.077345,0.033217
,862.148601,0.039074
,860.219857,0.043236
,858.291113,0.0466
,856.362369,0.049431
,854.433625,0.051621
,852.50488,0.052715
,850.576136,0.051557
,848.647392,0.048029
,846.718648,0.044553
,844.789904,0.042909
,842.86116,0.042448
,840.932416,0.042675
,839.003672,0.04385
,837.074928,0.046084
,835.146184,0.049232
,833.21744,0.052861
,831.288696,0.056643
,829.359952,0.060552
,827.431207,0.064606
,825.502463,0.068748
,823.573719,0.072921
,821.644975,0.077051
,819.716231,0.080941
,817.787487,0.084281
,815.858743,0.08687
,813.929999,0.088728
,812.001255,0.089802
,810.072511,0.089926
,808.143767,0.089036
,806.215023,0.08705
,804.286279,0.08392
,802.357535,0.079894
,800.42879,0.075484
,798.500046,0.071635
,796.571302,0.069226
,794.642558,0.067975
,792.713814,0.067134
,790.78507,0.066528
,788.856326,0.066118
,786.927582,0.065862
,784.998838,0.065833
,783.070094,0.066045
,781.14135,0.066476
,779.212606,0.06713
,777.283862,0.06791
,775.355117,0.068682
,773.426373,0.069589
,771.497629,0.070822
,769.568885,0.072326
,767.640141,0.073947
,765.711397,0.075225
,763.782653,0.075328
,761.853909,0.07357
,759.925165,0.069395
,757.996421,0.062029
,756.067677,0.050918
,754.138933,0.0361
,752.210189,0.017849
,750.281445,-0.003116
,748.3527,-0.024724
,746.423956,-0.043634
,744.495212,-0.056865
,742.566468,-0.063465
,740.637724,-0.064394
,738.70898,-0.061191
,736.780236,-0.054174
,734.851492,-0.041509
,732.922748,-0.022171
,730.994004,0.00086
,729.06526,0.022696
,727.136516,0.040246
,725.207772,0.052954
,723.279028,0.061703
,721.350283,0.067471
,719.421539,0.069897
,717.492795,0.066642
,715.564051,0.055372
,713.635307,0.038757
,711.706563,0.024335
,709.777819,0.014452
,707.849075,0.004558
,705.920331,-0.005383
,703.991587,-0.009934
,702.062843,-0.007821
,700.134099,-0.003409
,698.205355,-0.000442
,696.27661,0.000412
,694.347866,0.000112
,692.419122,0.000524
,690.490378,0.00336
,688.561634,0.008515
,686.63289,0.014421
,684.704146,0.019681
,682.775402,0.023746
,680.846658,0.0268
,678.917914,0.02953
,676.98917,0.032583
,675.060426,0.03633
,673.131682,0.04088
,671.202938,0.045912
,669.274193,0.0511
,667.345449,0.056213
,665.416705,0.060766
,663.487961,0.064396
,661.559217,0.06671
,659.630473,0.066861
,657.701729,0.063681
,655.772985,0.055641
,653.844241,0.042746
,651.915497,0.029277
,649.986753,0.020746
,648.058009,0.01771
,646.129265,0.016577
,644.200521,0.014416
,642.271776,0.010395
,640.343032,0.005326
,638.414288,0.000738
,636.485544,-0.002142
,634.5568,-0.002858
,632.628056,-0.00213
,630.699312,-0.001292
,628.770568,-0.001314
,626.841824,-0.002514
,624.91308,-0.004747
,622.984336,-0.007989
,621.055592,-0.012182
,619.126848,-0.016781
,617.198103,-0.021373
,615.269359,-0.025734
,613.340615,-0.029189
,611.411871,-0.031188
,609.483127,-0.031655
,607.554383,-0.030008
,605.625639,-0.02507
,603.696895,-0.016059
,601.768151,-0.003607
,599.839407,0.010263
,597.910663,0.023544
,595.981919,0.034854
,594.053175,0.043589
,592.124431,0.050253
,590.195686,0.055557
,588.266942,0.059927
,586.338198,0.063991
,584.409454,0.067812
,582.48071,0.070497
,580.551966,0.071613
,578.623222,0.071285
,576.694478,0.069479
,574.765734,0.066972
,572.83699,0.064905
,570.908246,0.063447
,568.979502,0.062731
,567.050758,0.063354
,565.122013,0.065593
,563.193269,0.069133
,561.264525,0.073405
,559.335781,0.077843
,557.407037,0.081816
,555.478293,0.084734
,553.549549,0.086542
,551.620805,0.087894
,549.692061,0.08909
,547.763317,0.089861
,545.834573,0.090394
,543.905829,0.09109
,541.977085,0.092127
,540.048341,0.093272
,538.119596,0.094092
,536.190852,0.094875
,534.262108,0.096211
,532.333364,0.097886
,530.40462,0.099344
,528.475876,0.100477
,526.547132,0.101189
,524.618388,0.101477
,522.689644,0.101901
,520.7609,0.102759
,518.832156,0.10361
,516.903412,0.10413
,514.974668,0.10452
,513.045924,0.104554
,511.117179,0.103553
,509.188435,0.101431
,507.259691,0.098547
,505.330947,0.095561
,503.402203,0.093147
,501.473459,0.091368
,499.544715,0.090626
,497.615971,0.091656
,495.687227,0.093847
,493.758483,0.095781
,491.829739,0.09699
,489.900995,0.097844
,487.972251,0.098795
,486.043506,0.099881
,484.114762,0.100889
,482.186018,0.101952
,480.257274,0.103093
,478.32853,0.103864
,476.399786,0.103906
,474.471042,0.103621
,472.542298,0.103789
,470.613554,0.104396
,468.68481,0.104678
,466.756066,0.104313
,464.827322,0.10391
,462.898578,0.103898
,460.969834,0.10407
,459.041089,0.104123
,457.112345,0.103339
,455.183601,0.101575
,453.254857,0.099943
,451.326113,0.099077
,449.397369,0.098292
,447.468625,0.096814
,445.539881,0.095312
,443.611137,0.095118
,441.682393,0.095992
,439.753649,0.096822
,437.824905,0.09726
,435.896161,0.096904
,433.967417,0.095808
,432.038672,0.094899
,430.109928,0.093654
,428.181184,0.091608
,426.25244,0.09046
,424.323696,0.090794
,422.394952,0.090879
,420.466208,0.089731
,418.537464,0.088483
,416.60872,0.088537
,414.679976,0.089325
,412.751232,0.089182
,410.822488,0.087535
,408.893744,0.085235
,406.964999,0.082195
,405.036255,0.077259
,403.107511,0.072286
,401.178767,0.070302
,399.250023,0.070244
