Unnamed: 0,lucas,Unnamed: 2
,3996.35772,0.00041
,3994.428976,0.000486
,3992.500232,0.000367
,3990.571488,0.000289
,3988.642744,0.000327
,3986.714,0.000372
,3984.785256,0.000254
,3982.856511,9e-06
,3980.927767,-7.8e-05
,3978.999023,2.1e-05
,3977.070279,0.000101
,3975.141535,0.000269
,3973.212791,0.000589
,3971.284047,0.00076
,3969.355303,0.000647
,3967.426559,0.000437
,3965.497815,0.000232
,3963.569071,2e-06
,3961.640327,-0.000129
,3959.711583,-1.6e-05
,3957.782839,0.000164
,3955.854094,0.000168
,3953.92535,4.8e-05
,3951.996606,-1.6e-05
,3950.067862,1.6e-05
,3948.139118,7.5e-05
,3946.210374,9.7e-05
,3944.28163,3e-05
,3942.352886,-5.1e-05
,3940.424142,-1.4e-05
,3938.495398,0.000112
,3936.566654,0.000277
,3934.63791,0.000398
,3932.709166,0.000286
,3930.780422,3.6e-05
,3928.851677,-4.2e-05
,3926.922933,1.5e-05
,3924.994189,3.9e-05
,3923.065445,1.1e-05
,3921.136701,-9.4e-05
,3919.207957,-0.00017
,3917.279213,-3.2e-05
,3915.350469,0.000256
,3913.421725,0.000444
,3911.492981,0.000411
,3909.564237,0.000282
,3907.635493,0.000118
,3905.706749,-0.000102
,3903.778004,-0.000159
,3901.84926,0.000106
,3899.920516,0.000428
,3897.991772,0.000491
,3896.063028,0.000332
,3894.134284,0.000229
,3892.20554,0.000236
,3890.276796,0.000168
,3888.348052,5.1e-05
,3886.419308,6.5e-05
,3884.490564,0.000201
,3882.56182,0.000271
,3880.633076,0.00016
,3878.704332,6e-05
,3876.775587,6.5e-05
,3874.846843,-2.5e-05
,3872.918099,-0.000139
,3870.989355,-0.000112
,3869.060611,-3.9e-05
,3867.131867,1e-06
,3865.203123,3e-06
,3863.274379,4.1e-05
,3861.345635,0.000175
,3859.416891,0.000305
,3857.488147,0.000334
,3855.559403,0.000201
,3853.630659,-6e-05
,3851.701915,-0.000199
,3849.77317,-9.5e-05
,3847.844426,6.2e-05
,3845.915682,0.000151
,3843.986938,0.000214
,3842.058194,0.00022
,3840.12945,0.00015
,3838.200706,9.7e-05
,3836.271962,0.00015
,3834.343218,0.000306
,3832.414474,0.000408
,3830.48573,0.000342
,3828.556986,0.000211
,3826.628242,8.8e-05
,3824.699497,2e-05
,3822.770753,9.8e-05
,3820.842009,0.000198
,3818.913265,0.000145
,3816.984521,1.1e-05
,3815.055777,-0.000113
,3813.127033,-0.000163
,3811.198289,-5.4e-05
,3809.269545,0.000154
,3807.340801,0.000269
,3805.412057,0.000135
,3803.483313,-0.000153
,3801.554569,-0.000277
,3799.625825,-0.00014
,3797.69708,7.9e-05
,3795.768336,0.000304
,3793.839592,0.000413
,3791.910848,0.00026
,3789.982104,3e-06
,3788.05336,-0.00015
,3786.124616,-0.000195
,3784.195872,-0.000103
,3782.267128,9e-05
,3780.338384,0.000183
,3778.40964,0.000169
,3776.480896,0.000193
,3774.552152,0.000264
,3772.623408,0.000334
,3770.694663,0.000308
,3768.765919,0.000105
,3766.837175,-0.000122
,3764.908431,-0.000113
,3762.979687,8.4e-05
,3761.050943,0.000207
,3759.122199,0.000207
,3757.193455,0.000168
,3755.264711,0.000221
,3753.335967,0.000403
,3751.407223,0.000468
,3749.478479,0.00031
,3747.549735,5.2e-05
,3745.62099,-0.000251
,3743.692246,-0.000426
,3741.763502,-0.000306
,3739.834758,-8.2e-05
,3737.906014,6.6e-05
,3735.97727,0.000187
,3734.048526,0.000231
,3732.119782,0.000126
,3730.191038,2.3e-05
,3728.262294,1.3e-05
,3726.33355,4.6e-05
,3724.404806,0.000103
,3722.476062,0.000155
,3720.547318,3.9e-05
,3718.618573,-0.000254
,3716.689829,-0.000372
,3714.761085,-0.000217
,3712.832341,-7e-05
,3710.903597,-5.2e-05
,3708.974853,-0.000172
,3707.046109,-0.000296
,3705.117365,-0.000193
,3703.188621,7.9e-05
,3701.259877,0.000351
,3699.331133,0.000523
,3697.402389,0.000543
,3695.473645,0.000437
,3693.5449,0.000214
,3691.616156,6.5e-05
,3689.687412,0.000233
,3687.758668,0.000512
,3685.829924,0.000584
,3683.90118,0.000467
,3681.972436,0.000316
,3680.043692,0.000223
,3678.114948,0.000142
,3676.186204,3.8e-05
,3674.25746,7.4e-05
,3672.328716,0.000283
,3670.399972,0.000427
,3668.471228,0.000295
,3666.542483,-1.7e-05
,3664.613739,-0.000175
,3662.684995,-4.9e-05
,3660.756251,0.000253
,3658.827507,0.000601
,3656.898763,0.000845
,3654.970019,0.00087
,3653.041275,0.000715
,3651.112531,0.000537
,3649.183787,0.000387
,3647.255043,0.000223
,3645.326299,0.000105
,3643.397555,-1.8e-05
,3641.468811,-0.000174
,3639.540066,-9.6e-05
,3637.611322,0.000225
,3635.682578,0.000457
,3633.753834,0.000482
,3631.82509,0.000343
,3629.896346,0.000121
,3627.967602,3.1e-05
,3626.038858,0.000188
,3624.110114,0.000389
,3622.18137,0.000361
,3620.252626,0.000228
,3618.323882,0.000332
,3616.395138,0.000561
,3614.466393,0.000547
,3612.537649,0.000268
,3610.608905,1.7e-05
,3608.680161,-2.1e-05
,3606.751417,6.3e-05
,3604.822673,0.000186
,3602.893929,0.000353
,3600.965185,0.00044
,3599.036441,0.000354
,3597.107697,0.000217
,3595.178953,0.000142
,3593.250209,6.2e-05
,3591.321465,-6.7e-05
,3589.392721,-0.000113
,3587.463976,0.000138
,3585.535232,0.000583
,3583.606488,0.000791
,3581.677744,0.00072
,3579.749,0.000662
,3577.820256,0.000558
,3575.891512,0.000349
,3573.962768,0.000226
,3572.034024,0.000103
,3570.10528,-4.6e-05
,3568.176536,2.7e-05
,3566.247792,0.000196
,3564.319048,0.000142
,3562.390304,3.6e-05
,3560.461559,0.000202
,3558.532815,0.000444
,3556.604071,0.000423
,3554.675327,0.000281
,3552.746583,0.000202
,3550.817839,0.0002
,3548.889095,0.000331
,3546.960351,0.000474
,3545.031607,0.000494
,3543.102863,0.000431
,3541.174119,0.00029
,3539.245375,0.000196
,3537.316631,0.000318
,3535.387886,0.000457
,3533.459142,0.000401
,3531.530398,0.000351
,3529.601654,0.000435
,3527.67291,0.000549
,3525.744166,0.000707
,3523.815422,0.000775
,3521.886678,0.000554
,3519.957934,0.000288
,3518.02919,0.000208
,3516.100446,0.00016
,3514.171702,0.000139
,3512.242958,0.000304
,3510.314214,0.000488
,3508.385469,0.000557
,3506.456725,0.000688
,3504.527981,0.000814
,3502.599237,0.000788
,3500.670493,0.000706
,3498.741749,0.000543
,3496.813005,0.000263
,3494.884261,2.4e-05
,3492.955517,2.9e-05
,3491.026773,0.000311
,3489.098029,0.000625
,3487.169285,0.000804
,3485.240541,0.00091
,3483.311796,0.000928
,3481.383052,0.000801
,3479.454308,0.000647
,3477.525564,0.000664
,3475.59682,0.000835
,3473.668076,0.000932
,3471.739332,0.000833
,3469.810588,0.000657
,3467.881844,0.000559
,3465.9531,0.000523
,3464.024356,0.000495
,3462.095612,0.000588
,3460.166868,0.000836
,3458.238124,0.000998
,3456.309379,0.000928
,3454.380635,0.000762
,3452.451891,0.00059
,3450.523147,0.000434
,3448.594403,0.000353
,3446.665659,0.000351
,3444.736915,0.00046
,3442.808171,0.000634
,3440.879427,0.000649
,3438.950683,0.000596
,3437.021939,0.000747
,3435.093195,0.000955
,3433.164451,0.001023
,3431.235707,0.001009
,3429.306962,0.000963
,3427.378218,0.000876
,3425.449474,0.000805
,3423.52073,0.000804
,3421.591986,0.00081
,3419.663242,0.000851
,3417.734498,0.000979
,3415.805754,0.000982
,3413.87701,0.000803
,3411.948266,0.000689
,3410.019522,0.000706
,3408.090778,0.000713
,3406.162034,0.000652
,3404.233289,0.000574
,3402.304545,0.000581
,3400.375801,0.000713
,3398.447057,0.000794
,3396.518313,0.000714
,3394.589569,0.000639
,3392.660825,0.000659
,3390.732081,0.000732
,3388.803337,0.00083
,3386.874593,0.000863
,3384.945849,0.000847
,3383.017105,0.000881
,3381.088361,0.000879
,3379.159617,0.00074
,3377.230872,0.000514
,3375.302128,0.000321
,3373.373384,0.000277
,3371.44464,0.000366
,3369.515896,0.000489
,3367.587152,0.000555
,3365.658408,0.000507
,3363.729664,0.000389
,3361.80092,0.000299
,3359.872176,0.000339
,3357.943432,0.000509
,3356.014688,0.000636
,3354.085944,0.00063
,3352.1572,0.000564
,3350.228455,0.000504
,3348.299711,0.000489
,3346.370967,0.000476
,3344.442223,0.000403
,3342.513479,0.000347
,3340.584735,0.000415
,3338.655991,0.000576
,3336.727247,0.000671
,3334.798503,0.00057
,3332.869759,0.000402
,3330.941015,0.000402
,3329.012271,0.000557
,3327.083527,0.000709
,3325.154782,0.000802
,3323.226038,0.000859
,3321.297294,0.000895
,3319.36855,0.000863
,3317.439806,0.000751
,3315.511062,0.000644
,3313.582318,0.000583
,3311.653574,0.000567
,3309.72483,0.000583
,3307.796086,0.000609
,3305.867342,0.000714
,3303.938598,0.00087
,3302.009854,0.000823
,3300.08111,0.000577
,3298.152365,0.000461
,3296.223621,0.000479
,3294.294877,0.000454
,3292.366133,0.000508
,3290.437389,0.000704
,3288.508645,0.00085
,3286.579901,0.000907
,3284.651157,0.000967
,3282.722413,0.000958
,3280.793669,0.000785
,3278.864925,0.000545
,3276.936181,0.000413
,3275.007437,0.000445
,3273.078692,0.000486
,3271.149948,0.000436
,3269.221204,0.000414
,3267.29246,0.000418
,3265.363716,0.00035
,3263.434972,0.000354
,3261.506228,0.000514
,3259.577484,0.000627
,3257.64874,0.000581
,3255.719996,0.000524
,3253.791252,0.000532
,3251.862508,0.000539
,3249.933764,0.00051
,3248.00502,0.000431
,3246.076275,0.000355
,3244.147531,0.000284
,3242.218787,0.00018
,3240.290043,0.000126
,3238.361299,0.000154
,3236.432555,0.000278
,3234.503811,0.000453
,3232.575067,0.000484
,3230.646323,0.000426
,3228.717579,0.000493
,3226.788835,0.000616
,3224.860091,0.00068
,3222.931347,0.000771
,3221.002603,0.00089
,3219.073858,0.000856
,3217.145114,0.000628
,3215.21637,0.000437
,3213.287626,0.000455
,3211.358882,0.000529
,3209.430138,0.000529
,3207.501394,0.000508
,3205.57265,0.000452
,3203.643906,0.000359
,3201.715162,0.00031
,3199.786418,0.000349
,3197.857674,0.000393
,3195.92893,0.000343
,3194.000185,0.000274
,3192.071441,0.000285
,3190.142697,0.000322
,3188.213953,0.000347
,3186.285209,0.000395
,3184.356465,0.00043
,3182.427721,0.000455
,3180.498977,0.000513
,3178.570233,0.000525
,3176.641489,0.000463
,3174.712745,0.000413
,3172.784001,0.000394
,3170.855257,0.000388
,3168.926513,0.000357
,3166.997768,0.000261
,3165.069024,0.000221
,3163.14028,0.000392
,3161.211536,0.000607
,3159.282792,0.000663
,3157.354048,0.000615
,3155.425304,0.000513
,3153.49656,0.000354
,3151.567816,0.000245
,3149.639072,0.000356
,3147.710328,0.000579
,3145.781584,0.000637
,3143.85284,0.000533
,3141.924096,0.000357
,3139.995351,0.000179
,3138.066607,0.000164
,3136.137863,0.000311
,3134.209119,0.00042
,3132.280375,0.000472
,3130.351631,0.00055
,3128.422887,0.000542
,3126.494143,0.00041
,3124.565399,0.0003
,3122.636655,0.000223
,3120.707911,0.000119
,3118.779167,4.9e-05
,3116.850423,7.1e-05
,3114.921678,0.000123
,3112.992934,0.000158
,3111.06419,0.000216
,3109.135446,0.000302
,3107.206702,0.000383
,3105.277958,0.00045
,3103.349214,0.00053
,3101.42047,0.000553
,3099.491726,0.000472
,3097.562982,0.000419
,3095.634238,0.00045
,3093.705494,0.000467
,3091.77675,0.000424
,3089.848006,0.000343
,3087.919261,0.000242
,3085.990517,0.000151
,3084.061773,0.000128
,3082.133029,0.00022
,3080.204285,0.000343
,3078.275541,0.000374
,3076.346797,0.000331
,3074.418053,0.000301
,3072.489309,0.000334
,3070.560565,0.000398
,3068.631821,0.000434
,3066.703077,0.000468
,3064.774333,0.000445
,3062.845589,0.000309
,3060.916844,0.000217
,3058.9881,0.000263
,3057.059356,0.000384
,3055.130612,0.000501
,3053.201868,0.000509
,3051.273124,0.000387
,3049.34438,0.000279
,3047.415636,0.000263
,3045.486892,0.000278
,3043.558148,0.000279
,3041.629404,0.000264
,3039.70066,0.000264
,3037.771916,0.000307
,3035.843171,0.000373
,3033.914427,0.000448
,3031.985683,0.000518
,3030.056939,0.000518
,3028.128195,0.000473
,3026.199451,0.000438
,3024.270707,0.000329
,3022.341963,0.000187
,3020.413219,0.000169
,3018.484475,0.000227
,3016.555731,0.000296
,3014.626987,0.000409
,3012.698243,0.000453
,3010.769499,0.000337
,3008.840754,0.000292
,3006.91201,0.00044
,3004.983266,0.000504
,3003.054522,0.000396
,3001.125778,0.000358
,2999.197034,0.000425
,2997.26829,0.000463
,2995.339546,0.000524
,2993.410802,0.000648
,2991.482058,0.000668
,2989.553314,0.000567
,2987.62457,0.000507
,2985.695826,0.000503
,2983.767081,0.000482
,2981.838337,0.000419
,2979.909593,0.000378
,2977.980849,0.00044
,2976.052105,0.000546
,2974.123361,0.000668
,2972.194617,0.000808
,2970.265873,0.000789
,2968.337129,0.000576
,2966.408385,0.000443
,2964.479641,0.000519
,2962.550897,0.000637
,2960.622153,0.000669
,2958.693409,0.000655
,2956.764664,0.000646
,2954.83592,0.000698
,2952.907176,0.000828
,2950.978432,0.000899
,2949.049688,0.000841
,2947.120944,0.000743
,2945.1922,0.000684
,2943.263456,0.000687
,2941.334712,0.000761
,2939.405968,0.000911
,2937.477224,0.001055
,2935.54848,0.001101
,2933.619736,0.001066
,2931.690992,0.001004
,2929.762247,0.000968
,2927.833503,0.001012
,2925.904759,0.001148
,2923.976015,0.001257
,2922.047271,0.001203
,2920.118527,0.0011
,2918.189783,0.001123
,2916.261039,0.001179
,2914.332295,0.001087
,2912.403551,0.000874
,2910.474807,0.000698
,2908.546063,0.000648
,2906.617319,0.000678
,2904.688574,0.000704
,2902.75983,0.00075
,2900.831086,0.000838
,2898.902342,0.000888
,2896.973598,0.000872
,2895.044854,0.000877
,2893.11611,0.000936
,2891.187366,0.000938
,2889.258622,0.000871
,2887.329878,0.000845
,2885.401134,0.00084
,2883.47239,0.000814
,2881.543646,0.000825
,2879.614902,0.000847
,2877.686157,0.000837
,2875.757413,0.000833
,2873.828669,0.000793
,2871.899925,0.000713
,2869.971181,0.000681
,2868.042437,0.000666
,2866.113693,0.000651
,2864.184949,0.000702
,2862.256205,0.000767
,2860.327461,0.000767
,2858.398717,0.000716
,2856.469973,0.000677
,2854.541229,0.000657
,2852.612485,0.000645
,2850.68374,0.000716
,2848.754996,0.00082
,2846.826252,0.000774
,2844.897508,0.00061
,2842.968764,0.000524
,2841.04002,0.000542
,2839.111276,0.000562
,2837.182532,0.000538
,2835.253788,0.000475
,2833.325044,0.000412
,2831.3963,0.000373
,2829.467556,0.000322
,2827.538812,0.000302
,2825.610067,0.000328
,2823.681323,0.000292
,2821.752579,0.000234
,2819.823835,0.000247
,2817.895091,0.000274
,2815.966347,0.000301
,2814.037603,0.000337
,2812.108859,0.000318
,2810.180115,0.000263
,2808.251371,0.000266
,2806.322627,0.000324
,2804.393883,0.000362
,2802.465139,0.00031
,2800.536395,0.000189
,2798.60765,0.000109
,2796.678906,0.000113
,2794.750162,0.000158
,2792.821418,0.00018
,2790.892674,0.000158
,2788.96393,0.000177
,2787.035186,0.000282
,2785.106442,0.000375
,2783.177698,0.000389
,2781.248954,0.000348
,2779.32021,0.00027
,2777.391466,0.000199
,2775.462722,0.000179
,2773.533977,0.000189
,2771.605233,0.000195
,2769.676489,0.000194
,2767.747745,0.000224
,2765.819001,0.000307
,2763.890257,0.000342
,2761.961513,0.00029
,2760.032769,0.000263
,2758.104025,0.000253
,2756.175281,0.000182
,2754.246537,0.00013
,2752.317793,0.000162
,2750.389049,0.000244
,2748.460305,0.000313
,2746.53156,0.000361
,2744.602816,0.000416
,2742.674072,0.000408
,2740.745328,0.00035
,2738.816584,0.000321
,2736.88784,0.000284
,2734.959096,0.000205
,2733.030352,0.000141
,2731.101608,0.000159
,2729.172864,0.000224
,2727.24412,0.000297
,2725.315376,0.000391
,2723.386632,0.00042
,2721.457888,0.000315
,2719.529143,0.000161
,2717.600399,5e-05
,2715.671655,-6e-06
,2713.742911,1.3e-05
,2711.814167,0.000119
,2709.885423,0.00024
,2707.956679,0.000294
,2706.027935,0.000272
,2704.099191,0.000209
,2702.170447,0.000153
,2700.241703,0.000129
,2698.312959,0.00013
,2696.384215,9.8e-05
,2694.45547,1.5e-05
,2692.526726,-2.8e-05
,2690.597982,5.1e-05
,2688.669238,0.000188
,2686.740494,0.000253
,2684.81175,0.0002
,2682.883006,0.000121
,2680.954262,0.000142
,2679.025518,0.000251
,2677.096774,0.000318
,2675.16803,0.000257
,2673.239286,0.000149
,2671.310542,0.000164
,2669.381798,0.000278
,2667.453053,0.000354
,2665.524309,0.000381
,2663.595565,0.000381
,2661.666821,0.000318
,2659.738077,0.00022
,2657.809333,0.000172
,2655.880589,0.000166
,2653.951845,0.000154
,2652.023101,0.00017
,2650.094357,0.000192
,2648.165613,0.000109
,2646.236869,-4.3e-05
,2644.308125,-0.000109
,2642.379381,-4.4e-05
,2640.450636,4.9e-05
,2638.521892,0.000115
,2636.593148,0.000183
,2634.664404,0.000227
,2632.73566,0.000205
,2630.806916,0.000112
,2628.878172,-7e-06
,2626.949428,-4.9e-05
,2625.020684,-3.7e-05
,2623.09194,-3.4e-05
,2621.163196,1.2e-05
,2619.234452,6.3e-05
,2617.305708,4.7e-05
,2615.376963,-1.3e-05
,2613.448219,-5.9e-05
,2611.519475,1.9e-05
,2609.590731,0.000211
,2607.661987,0.000316
,2605.733243,0.000263
,2603.804499,0.000188
,2601.875755,0.000198
,2599.947011,0.000222
,2598.018267,0.000164
,2596.089523,0.000118
,2594.160779,0.000186
,2592.232035,0.000262
,2590.303291,0.000177
,2588.374546,3.1e-05
,2586.445802,5.6e-05
,2584.517058,0.000138
,2582.588314,0.000119
,2580.65957,8.8e-05
,2578.730826,0.000116
,2576.802082,0.000144
,2574.873338,6e-05
,2572.944594,-7.7e-05
,2571.01585,-8e-05
,2569.087106,7.6e-05
,2567.158362,0.000204
,2565.229618,0.000143
,2563.300874,3.5e-05
,2561.372129,0.000105
,2559.443385,0.000263
,2557.514641,0.000306
,2555.585897,0.000286
,2553.657153,0.000312
,2551.728409,0.000277
,2549.799665,0.000116
,2547.870921,-1.1e-05
,2545.942177,3.8e-05
,2544.013433,0.000171
,2542.084689,0.000205
,2540.155945,0.000173
,2538.227201,0.000163
,2536.298456,6.5e-05
,2534.369712,-0.000114
,2532.440968,-0.000165
,2530.512224,-8.4e-05
,2528.58348,-4e-05
,2526.654736,-9.1e-05
,2524.725992,-0.000115
,2522.797248,3.1e-05
,2520.868504,0.000231
,2518.93976,0.000293
,2517.011016,0.0002
,2515.082272,8.7e-05
,2513.153528,7e-05
,2511.224784,6.6e-05
,2509.296039,4.2e-05
,2507.367295,0.000123
,2505.438551,0.000197
,2503.509807,8.7e-05
,2501.581063,-2.8e-05
,2499.652319,-1.2e-05
,2497.723575,-3.7e-05
,2495.794831,-7.5e-05
,2493.866087,3e-05
,2491.937343,0.000134
,2490.008599,0.000112
,2488.079855,6.9e-05
,2486.151111,8.9e-05
,2484.222366,0.000111
,2482.293622,7e-06
,2480.364878,-0.000141
,2478.436134,-0.000138
,2476.50739,-6.4e-05
,2474.578646,-4.9e-05
,2472.649902,-8.7e-05
,2470.721158,-0.000158
,2468.792414,-0.000139
,2466.86367,-7e-06
,2464.934926,0.000123
,2463.006182,0.000291
,2461.077438,0.000475
,2459.148694,0.000457
,2457.219949,0.000221
,2455.291205,-4e-05
,2453.362461,-0.000211
,2451.433717,-0.000249
,2449.504973,-0.000142
,2447.576229,-2e-06
,2445.647485,9e-06
,2443.718741,-7.1e-05
,2441.789997,-0.000102
,2439.861253,-5.2e-05
,2437.932509,6.6e-05
,2436.003765,0.000164
,2434.075021,0.00017
,2432.146277,0.000158
,2430.217532,9e-05
,2428.288788,-9.5e-05
,2426.360044,-0.000179
,2424.4313,-3.2e-05
,2422.502556,0.000122
,2420.573812,8.4e-05
,2418.645068,-1.5e-05
,2416.716324,-1.8e-05
,2414.78758,-1e-06
,2412.858836,-5.1e-05
,2410.930092,-0.000126
,2409.001348,-0.000121
,2407.072604,-4e-06
,2405.143859,7.5e-05
,2403.215115,4e-06
,2401.286371,-0.000136
,2399.357627,-0.000223
,2397.428883,-0.000159
,2395.500139,4.4e-05
,2393.571395,0.000218
,2391.642651,0.000304
,2389.713907,0.000314
,2387.785163,0.000175
,2385.856419,-3.1e-05
,2383.927675,-0.000148
,2381.998931,-0.00017
,2380.070187,-0.000102
,2378.141442,2.3e-05
,2376.212698,0.000101
,2374.283954,0.000106
,2372.35521,6.8e-05
,2370.426466,1.5e-05
,2368.497722,2.8e-05
,2366.568978,0.000109
,2364.640234,0.000133
,2362.71149,0.000126
,2360.782746,0.000154
,2358.854002,0.000118
,2356.925258,7e-06
,2354.996514,-3.1e-05
,2353.06777,3.7e-05
,2351.139025,0.000109
,2349.210281,0.000124
,2347.281537,6.8e-05
,2345.352793,-1.2e-05
,2343.424049,-1.7e-05
,2341.495305,3.4e-05
,2339.566561,5.7e-05
,2337.637817,8e-05
,2335.709073,0.000153
,2333.780329,0.000229
,2331.851585,0.00028
,2329.922841,0.000338
,2327.994097,0.000347
,2326.065352,0.000223
,2324.136608,1.8e-05
,2322.207864,-4.5e-05
,2320.27912,7.5e-05
,2318.350376,8.2e-05
,2316.421632,-1.9e-05
,2314.492888,5.4e-05
,2312.564144,0.000194
,2310.6354,0.000144
,2308.706656,3.7e-05
,2306.777912,9.2e-05
,2304.849168,0.000218
,2302.920424,0.000246
,2300.99168,0.000161
,2299.062935,8.1e-05
,2297.134191,0.000132
,2295.205447,0.000252
,2293.276703,0.000287
,2291.347959,0.000253
,2289.419215,0.000183
,2287.490471,1.8e-05
,2285.561727,-0.000138
,2283.632983,-0.000123
,2281.704239,3.7e-05
,2279.775495,0.000205
,2277.846751,0.00027
,2275.918007,0.000188
,2273.989262,-2.6e-05
,2272.060518,-0.000179
,2270.131774,-0.000115
,2268.20303,-4.1e-05
,2266.274286,-0.000139
,2264.345542,-0.000335
,2262.416798,-0.000495
,2260.488054,-0.000439
,2258.55931,-0.000119
,2256.630566,0.000153
,2254.701822,0.000132
,2252.773078,-1.1e-05
,2250.844334,-1.5e-05
,2248.91559,3.9e-05
,2246.986845,-0.000127
,2245.058101,-0.000335
,2243.129357,-0.000217
,2241.200613,-1.6e-05
,2239.271869,-7e-05
,2237.343125,-0.000311
,2235.414381,-0.00043
,2233.485637,-0.000223
,2231.556893,-0.000135
,2229.628149,-0.000319
,2227.699405,-0.000205
,2225.770661,6.2e-05
,2223.841917,6.7e-05
,2221.913173,0.000141
,2219.984428,0.000407
,2218.055684,0.00041
,2216.12694,3e-06
,2214.198196,-0.000472
,2212.269452,-0.000734
,2210.340708,-0.000618
,2208.411964,-0.000212
,2206.48322,0.000186
,2204.554476,0.000425
,2202.625732,0.000149
,2200.696988,-0.000567
,2198.768244,-0.000804
,2196.8395,-0.000339
,2194.910755,1.6e-05
,2192.982011,-0.000172
,2191.053267,-0.000372
,2189.124523,-0.00031
,2187.195779,-0.000479
,2185.267035,-0.000806
,2183.338291,-0.000669
,2181.409547,-0.000165
,2179.480803,-5e-06
,2177.552059,-0.000426
,2175.623315,-0.000785
,2173.694571,-0.000458
,2171.765827,0.000124
,2169.837083,0.000221
,2167.908338,4.7e-05
,2165.979594,0.000211
,2164.05085,0.000621
,2162.122106,0.000889
,2160.193362,0.001008
,2158.264618,0.000825
,2156.335874,0.000156
,2154.40713,-0.000313
,2152.478386,-2.8e-05
,2150.549642,0.000548
,2148.620898,0.000711
,2146.692154,0.000292
,2144.76341,-0.00014
,2142.834666,-3.3e-05
,2140.905921,0.000186
,2138.977177,-0.000157
,2137.048433,-0.000616
,2135.119689,-0.000509
,2133.190945,-0.000117
,2131.262201,0.000287
,2129.333457,0.000555
,2127.404713,0.000363
,2125.475969,-3.8e-05
,2123.547225,-0.000296
,2121.618481,-0.000406
,2119.689737,-0.000195
,2117.760993,0.000224
,2115.832248,0.000284
,2113.903504,-2.9e-05
,2111.97476,-0.000173
,2110.046016,-5.9e-05
,2108.117272,2.3e-05
,2106.188528,4.1e-05
,2104.259784,7.7e-05
,2102.33104,0.000211
,2100.402296,0.000493
,2098.473552,0.000723
,2096.544808,0.000716
,2094.616064,0.000492
,2092.68732,0.000186
,2090.758576,-5.6e-05
,2088.829831,-0.000218
,2086.901087,-0.000159
,2084.972343,0.000155
,2083.043599,0.000323
,2081.114855,0.000188
,2079.186111,-7.8e-05
,2077.257367,-0.000367
,2075.328623,-0.000397
,2073.399879,-0.000111
,2071.471135,4.4e-05
,2069.542391,-0.000106
,2067.613647,-0.00032
,2065.684903,-0.000429
,2063.756158,-0.000366
,2061.827414,-0.000264
,2059.89867,-0.000372
,2057.969926,-0.000431
,2056.041182,-8.1e-05
,2054.112438,0.000241
,2052.183694,0.00029
,2050.25495,0.000587
,2048.326206,0.001072
,2046.397462,0.001148
,2044.468718,0.00088
,2042.539974,0.000553
,2040.61123,0.0002
,2038.682486,-4.4e-05
,2036.753741,-0.000131
,2034.824997,-0.000203
,2032.896253,-0.000143
,2030.967509,0.000267
,2029.038765,0.000661
,2027.110021,0.000571
,2025.181277,0.000185
,2023.252533,-0.000135
,2021.323789,-0.000347
,2019.395045,-0.000582
,2017.466301,-0.000916
,2015.537557,-0.001285
,2013.608813,-0.001315
,2011.680069,-0.000686
,2009.751324,0.000101
,2007.82258,0.000422
,2005.893836,0.000444
,2003.965092,0.000432
,2002.036348,0.000172
,2000.107604,-0.00041
,1998.17886,-0.000864
,1996.250116,-0.000791
,1994.321372,-0.000347
,1992.392628,-0.000234
,1990.463884,-0.000707
,1988.53514,-0.001099
,1986.606396,-0.001042
,1984.677651,-0.000711
,1982.748907,-0.000363
,1980.820163,-0.000223
,1978.891419,-0.000209
,1976.962675,-0.000126
,1975.033931,0.000137
,1973.105187,0.000414
,1971.176443,0.000423
,1969.247699,0.000173
,1967.318955,-0.00019
,1965.390211,-0.000511
,1963.461467,-0.000584
,1961.532723,-0.000282
,1959.603979,8.2e-05
,1957.675234,0.000113
,1955.74649,-3.1e-05
,1953.817746,-5.5e-05
,1951.889002,0.000183
,1949.960258,0.000349
,1948.031514,-4.3e-05
,1946.10277,-0.000465
,1944.174026,-0.000293
,1942.245282,9e-05
,1940.316538,0.000268
,1938.387794,0.000252
,1936.45905,0.000146
,1934.530306,9.8e-05
,1932.601562,5.4e-05
,1930.672817,-0.000133
,1928.744073,-0.000262
,1926.815329,-6.9e-05
,1924.886585,0.000184
,1922.957841,0.000152
,1921.029097,4.9e-05
,1919.100353,0.000143
,1917.171609,0.000294
,1915.242865,0.000308
,1913.314121,0.000192
,1911.385377,-1.2e-05
,1909.456633,-0.000239
,1907.527889,-0.000365
,1905.599144,-0.000277
,1903.6704,3.5e-05
,1901.741656,0.00028
,1899.812912,0.000179
,1897.884168,-0.000115
,1895.955424,-0.000299
,1894.02668,-0.000206
,1892.097936,2.2e-05
,1890.169192,0.000113
,1888.240448,0.000138
,1886.311704,0.000251
,1884.38296,0.000315
,1882.454216,0.000208
,1880.525472,3.1e-05
,1878.596727,-0.000129
,1876.667983,-0.000238
,1874.739239,-0.000166
,1872.810495,3.9e-05
,1870.881751,8.6e-05
,1868.953007,-4.9e-05
,1867.024263,-8.1e-05
,1865.095519,4.5e-05
,1863.166775,5.6e-05
,1861.238031,-9.1e-05
,1859.309287,-5.9e-05
,1857.380543,0.000177
,1855.451799,0.000223
,1853.523055,5.4e-05
,1851.59431,-3.6e-05
,1849.665566,-2.4e-05
,1847.736822,-7e-06
,1845.808078,-1.2e-05
,1843.879334,3.7e-05
,1841.95059,0.000194
,1840.021846,0.000232
,1838.093102,5.8e-05
,1836.164358,-4.1e-05
,1834.235614,-1e-06
,1832.30687,-4e-06
,1830.378126,-5.6e-05
,1828.449382,-5.9e-05
,1826.520637,0.0
,1824.591893,5.7e-05
,1822.663149,8.5e-05
,1820.734405,8.8e-05
,1818.805661,3e-05
,1816.876917,-2.8e-05
,1814.948173,-1e-05
,1813.019429,2e-06
,1811.090685,-4e-05
,1809.161941,-6.9e-05
,1807.233197,-4.1e-05
,1805.304453,2.1e-05
,1803.375709,3.5e-05
,1801.446965,-3.4e-05
,1799.51822,-0.000141
,1797.589476,-0.000215
,1795.660732,-0.000191
,1793.731988,-0.000118
,1791.803244,-7.8e-05
,1789.8745,-5.6e-05
,1787.945756,-3.7e-05
,1786.017012,-2.9e-05
,1784.088268,5e-06
,1782.159524,9.3e-05
,1780.23078,0.000157
,1778.302036,0.000106
,1776.373292,2.7e-05
,1774.444547,6.4e-05
,1772.515803,0.000194
,1770.587059,0.000287
,1768.658315,0.000308
,1766.729571,0.000319
,1764.800827,0.000342
,1762.872083,0.000399
,1760.943339,0.000494
,1759.014595,0.000522
,1757.085851,0.000453
,1755.157107,0.000438
,1753.228363,0.000584
,1751.299619,0.000786
,1749.370875,0.00091
,1747.44213,0.000969
,1745.513386,0.001031
,1743.584642,0.001145
,1741.655898,0.001321
,1739.727154,0.001479
,1737.79841,0.001555
,1735.869666,0.001612
,1733.940922,0.001689
,1732.012178,0.001735
,1730.083434,0.00176
,1728.15469,0.001781
,1726.225946,0.00177
,1724.297202,0.001745
,1722.368458,0.001747
,1720.439713,0.001751
,1718.510969,0.001695
,1716.582225,0.001574
,1714.653481,0.001466
,1712.724737,0.001413
,1710.795993,0.001361
,1708.867249,0.001302
,1706.938505,0.001291
,1705.009761,0.001306
,1703.081017,0.001276
,1701.152273,0.001234
,1699.223529,0.001236
,1697.294785,0.001244
,1695.36604,0.001238
,1693.437296,0.001251
,1691.508552,0.001248
,1689.579808,0.00121
,1687.651064,0.001176
,1685.72232,0.001152
,1683.793576,0.001096
,1681.864832,0.001016
,1679.936088,0.000985
,1678.007344,0.001015
,1676.0786,0.001036
,1674.149856,0.001005
,1672.221112,0.000946
,1670.292368,0.0009
,1668.363623,0.000865
,1666.434879,0.000819
,1664.506135,0.000767
,1662.577391,0.000751
,1660.648647,0.0008
,1658.719903,0.000875
,1656.791159,0.000897
,1654.862415,0.000849
,1652.933671,0.000803
,1651.004927,0.000793
,1649.076183,0.000767
,1647.147439,0.00073
,1645.218695,0.000751
,1643.289951,0.000803
,1641.361206,0.0008
,1639.432462,0.000782
,1637.503718,0.000808
,1635.574974,0.000837
,1633.64623,0.000841
,1631.717486,0.00085
,1629.788742,0.000834
,1627.859998,0.00076
,1625.931254,0.000692
,1624.00251,0.000669
,1622.073766,0.00065
,1620.145022,0.000654
,1618.216278,0.000724
,1616.287533,0.000827
,1614.358789,0.000866
,1612.430045,0.000818
,1610.501301,0.00078
,1608.572557,0.000816
,1606.643813,0.000851
,1604.715069,0.000807
,1602.786325,0.000722
,1600.857581,0.000695
,1598.928837,0.000735
,1597.000093,0.000772
,1595.071349,0.000768
,1593.142605,0.000748
,1591.213861,0.000758
,1589.285116,0.0008
,1587.356372,0.000818
,1585.427628,0.000806
,1583.498884,0.000804
,1581.57014,0.00078
,1579.641396,0.000714
,1577.712652,0.000654
,1575.783908,0.000609
,1573.855164,0.000567
,1571.92642,0.000542
,1569.997676,0.000531
,1568.068932,0.00054
,1566.140188,0.000589
,1564.211443,0.000644
,1562.282699,0.000664
,1560.353955,0.00067
,1558.425211,0.000651
,1556.496467,0.00059
,1554.567723,0.000548
,1552.638979,0.00056
,1550.710235,0.000588
,1548.781491,0.000575
,1546.852747,0.000525
,1544.924003,0.000499
,1542.995259,0.000507
,1541.066515,0.00053
,1539.137771,0.000538
,1537.209026,0.000491
,1535.280282,0.000439
,1533.351538,0.000456
,1531.422794,0.00051
,1529.49405,0.000524
,1527.565306,0.000486
,1525.636562,0.000443
,1523.707818,0.00043
,1521.779074,0.000424
,1519.85033,0.000405
,1517.921586,0.000414
,1515.992842,0.000466
,1514.064098,0.000544
,1512.135354,0.000623
,1510.206609,0.000674
,1508.277865,0.000709
,1506.349121,0.000757
,1504.420377,0.00082
,1502.491633,0.000863
,1500.562889,0.000854
,1498.634145,0.000817
,1496.705401,0.000784
,1494.776657,0.000727
,1492.847913,0.000682
,1490.919169,0.000711
,1488.990425,0.000771
,1487.061681,0.000838
,1485.132936,0.000949
,1483.204192,0.001069
,1481.275448,0.001134
,1479.346704,0.001151
,1477.41796,0.001164
,1475.489216,0.001206
,1473.560472,0.001263
,1471.631728,0.001283
,1469.702984,0.001281
,1467.77424,0.001303
,1465.845496,0.001307
,1463.916752,0.001295
,1461.988008,0.00134
,1460.059264,0.001395
,1458.130519,0.001391
,1456.201775,0.001352
,1454.273031,0.001297
,1452.344287,0.001229
,1450.415543,0.001172
,1448.486799,0.00115
,1446.558055,0.0012
,1444.629311,0.001278
,1442.700567,0.00128
,1440.771823,0.001248
,1438.843079,0.001249
,1436.914335,0.001222
,1434.985591,0.001124
,1433.056847,0.001017
,1431.128102,0.000965
,1429.199358,0.000949
,1427.270614,0.000951
,1425.34187,0.000978
,1423.413126,0.00098
,1421.484382,0.000947
,1419.555638,0.000937
,1417.626894,0.000937
,1415.69815,0.000917
,1413.769406,0.000925
,1411.840662,0.000986
,1409.911918,0.001034
,1407.983174,0.001016
,1406.054429,0.000962
,1404.125685,0.000918
,1402.196941,0.000902
,1400.268197,0.000917
,1398.339453,0.000965
,1396.410709,0.001008
,1394.481965,0.000993
,1392.553221,0.000942
,1390.624477,0.000892
,1388.695733,0.000832
,1386.766989,0.000771
,1384.838245,0.000759
,1382.909501,0.000809
,1380.980757,0.000854
,1379.052012,0.000802
,1377.123268,0.000692
,1375.194524,0.000676
,1373.26578,0.000759
,1371.337036,0.000826
,1369.408292,0.000831
,1367.479548,0.000796
,1365.550804,0.00075
,1363.62206,0.000719
,1361.693316,0.000702
,1359.764572,0.000686
,1357.835828,0.000677
,1355.907084,0.000692
,1353.97834,0.000735
,1352.049595,0.000767
,1350.120851,0.000754
,1348.192107,0.000728
,1346.263363,0.000715
,1344.334619,0.000711
,1342.405875,0.000717
,1340.477131,0.000715
,1338.548387,0.000709
,1336.619643,0.00072
,1334.690899,0.000715
,1332.762155,0.000688
,1330.833411,0.00071
,1328.904667,0.000786
,1326.975922,0.000845
,1325.047178,0.000871
,1323.118434,0.000868
,1321.18969,0.000831
,1319.260946,0.000775
,1317.332202,0.000707
,1315.403458,0.000665
,1313.474714,0.000697
,1311.54597,0.000768
,1309.617226,0.000831
,1307.688482,0.000879
,1305.759738,0.000913
,1303.830994,0.00096
,1301.90225,0.001022
,1299.973505,0.00106
,1298.044761,0.001079
,1296.116017,0.001102
,1294.187273,0.001134
,1292.258529,0.001189
,1290.329785,0.001248
,1288.401041,0.001239
,1286.472297,0.001185
,1284.543553,0.001173
,1282.614809,0.001185
,1280.686065,0.001165
,1278.757321,0.001116
,1276.828577,0.001048
,1274.899832,0.001002
,1272.971088,0.001039
,1271.042344,0.001126
,1269.1136,0.001188
,1267.184856,0.001239
,1265.256112,0.001282
,1263.327368,0.001278
,1261.398624,0.00129
,1259.46988,0.001377
,1257.541136,0.001461
,1255.612392,0.00148
,1253.683648,0.001462
,1251.754904,0.001444
,1249.82616,0.001425
,1247.897415,0.0014
,1245.968671,0.001418
,1244.039927,0.001499
,1242.111183,0.001542
,1240.182439,0.001479
,1238.253695,0.001377
,1236.324951,0.001318
,1234.396207,0.001299
,1232.467463,0.001282
,1230.538719,0.00129
,1228.609975,0.00134
,1226.681231,0.001405
,1224.752487,0.001493
,1222.823743,0.001575
,1220.894998,0.001596
,1218.966254,0.001599
,1217.03751,0.001645
,1215.108766,0.001717
,1213.180022,0.001789
,1211.251278,0.00184
,1209.322534,0.001878
,1207.39379,0.00194
,1205.465046,0.002043
,1203.536302,0.002154
,1201.607558,0.002226
,1199.678814,0.002271
,1197.75007,0.00233
,1195.821325,0.002382
,1193.892581,0.002383
,1191.963837,0.002388
,1190.035093,0.002465
,1188.106349,0.002558
,1186.177605,0.002594
,1184.248861,0.002603
,1182.320117,0.002645
,1180.391373,0.002724
,1178.462629,0.002784
,1176.533885,0.002809
,1174.605141,0.002827
,1172.676397,0.002817
,1170.747653,0.002761
,1168.818908,0.002703
,1166.890164,0.002659
,1164.96142,0.00258
,1163.032676,0.002466
,1161.103932,0.002359
,1159.175188,0.002271
,1157.246444,0.002223
,1155.3177,0.002206
,1153.388956,0.002195
,1151.460212,0.002213
,1149.531468,0.002228
,1147.602724,0.002177
,1145.67398,0.002099
,1143.745236,0.00208
,1141.816491,0.002121
,1139.887747,0.002174
,1137.959003,0.00226
,1136.030259,0.002365
,1134.101515,0.002424
,1132.172771,0.002494
,1130.244027,0.002612
,1128.315283,0.002687
,1126.386539,0.002712
,1124.457795,0.002783
,1122.529051,0.002903
,1120.600307,0.002973
,1118.671563,0.002983
,1116.742818,0.002965
,1114.814074,0.00294
,1112.88533,0.002985
,1110.956586,0.003071
,1109.027842,0.003099
,1107.099098,0.003058
,1105.170354,0.00297
,1103.24161,0.002902
,1101.312866,0.002892
,1099.384122,0.002853
,1097.455378,0.002764
,1095.526634,0.0027
,1093.59789,0.002706
,1091.669146,0.002812
,1089.740401,0.00297
,1087.811657,0.003087
,1085.882913,0.003186
,1083.954169,0.00328
,1082.025425,0.003319
,1080.096681,0.003329
,1078.167937,0.003336
,1076.239193,0.003334
,1074.310449,0.003396
,1072.381705,0.003527
,1070.452961,0.003624
,1068.524217,0.003677
,1066.595473,0.003706
,1064.666728,0.003703
,1062.737984,0.003669
,1060.80924,0.003627
,1058.880496,0.003609
,1056.951752,0.003553
,1055.023008,0.003409
,1053.094264,0.003265
,1051.16552,0.003215
,1049.236776,0.003257
,1047.308032,0.003343
,1045.379288,0.00337
,1043.450544,0.003258
,1041.5218,0.003153
,1039.593056,0.003153
,1037.664311,0.003096
,1035.735567,0.002978
,1033.806823,0.002949
,1031.878079,0.003007
,1029.949335,0.003083
,1028.020591,0.00311
,1026.091847,0.003058
,1024.163103,0.00304
,1022.234359,0.003128
,1020.305615,0.003212
,1018.376871,0.003246
,1016.448127,0.003299
,1014.519383,0.003319
,1012.590639,0.003248
,1010.661894,0.003189
,1008.73315,0.003139
,1006.804406,0.003049
,1004.875662,0.003026
,1002.946918,0.003078
,1001.018174,0.003074
,999.08943,0.002959
,997.160686,0.002792
,995.231942,0.002677
,993.303198,0.00268
,991.374454,0.002758
,989.44571,0.002768
,987.516966,0.002706
,985.588221,0.002772
,983.659477,0.002947
,981.730733,0.002958
,979.801989,0.00279
,977.873245,0.002659
,975.944501,0.002651
,974.015757,0.002701
,972.087013,0.002704
,970.158269,0.002631
,968.229525,0.002548
,966.300781,0.002513
,964.372037,0.002507
,962.443293,0.002447
,960.514549,0.002322
,958.585804,0.002224
,956.65706,0.002179
,954.728316,0.002159
,952.799572,0.002201
,950.870828,0.002273
,948.942084,0.002245
,947.01334,0.002127
,945.084596,0.00205
,943.155852,0.002053
,941.227108,0.002083
,939.298364,0.002085
,937.36962,0.002057
,935.440876,0.002021
,933.512132,0.001967
,931.583387,0.001913
,929.654643,0.001885
,927.725899,0.001873
,925.797155,0.00187
,923.868411,0.001875
,921.939667,0.001847
,920.010923,0.001768
,918.082179,0.00174
,916.153435,0.001817
,914.224691,0.001867
,912.295947,0.001799
,910.367203,0.001685
,908.438459,0.001635
,906.509714,0.001642
,904.58097,0.00162
,902.652226,0.001603
,900.723482,0.001632
,898.794738,0.001621
,896.865994,0.001571
,894.93725,0.001572
,893.008506,0.001623
,891.079762,0.001644
,889.151018,0.001613
,887.222274,0.001588
,885.29353,0.001577
,883.364786,0.001542
,881.436042,0.001516
,879.507297,0.001559
,877.578553,0.00164
,875.649809,0.001672
,873.721065,0.001635
,871.792321,0.001573
,869.863577,0.001581
,867.934833,0.00171
,866.006089,0.001802
,864.077345,0.001745
,862.148601,0.00164
,860.219857,0.001583
,858.291113,0.001599
,856.362369,0.001596
,854.433625,0.001511
,852.50488,0.001454
,850.576136,0.001502
,848.647392,0.001615
,846.718648,0.001695
,844.789904,0.00168
,842.86116,0.00164
,840.932416,0.001671
,839.003672,0.001706
,837.074928,0.001664
,835.146184,0.001646
,833.21744,0.001664
,831.288696,0.001591
,829.359952,0.001476
,827.431207,0.001441
,825.502463,0.001481
,823.573719,0.001492
,821.644975,0.001456
,819.716231,0.001515
,817.787487,0.001675
,815.858743,0.001797
,813.929999,0.001868
,812.001255,0.001957
,810.072511,0.002087
,808.143767,0.002137
,806.215023,0.002035
,804.286279,0.001954
,802.357535,0.001935
,800.42879,0.001831
,798.500046,0.001718
,796.571302,0.001776
,794.642558,0.001946
,792.713814,0.002006
,790.78507,0.001833
,788.856326,0.001568
,786.927582,0.001461
,784.998838,0.001486
,783.070094,0.001447
,781.14135,0.00139
,779.212606,0.001448
,777.283862,0.001627
,775.355117,0.001785
,773.426373,0.001748
,771.497629,0.001623
,769.568885,0.001581
,767.640141,0.001531
,765.711397,0.001496
,763.782653,0.001599
,761.853909,0.001732
,759.925165,0.00176
,757.996421,0.001701
,756.067677,0.001622
,754.138933,0.001558
,752.210189,0.001592
,750.281445,0.001799
,748.3527,0.001986
,746.423956,0.001924
,744.495212,0.001738
,742.566468,0.001628
,740.637724,0.001625
,738.70898,0.001685
,736.780236,0.001661
,734.851492,0.00153
,732.922748,0.001502
,730.994004,0.001566
,729.06526,0.001586
,727.136516,0.001682
,725.207772,0.001832
,723.279028,0.001801
,721.350283,0.001611
,719.421539,0.001433
,717.492795,0.001355
,715.564051,0.001389
,713.635307,0.001393
,711.706563,0.001285
,709.777819,0.001199
,707.849075,0.001239
,705.920331,0.001354
,703.991587,0.001463
,702.062843,0.001472
,700.134099,0.001337
,698.205355,0.001206
,696.27661,0.001222
,694.347866,0.001317
,692.419122,0.001309
,690.490378,0.001188
,688.561634,0.001206
,686.63289,0.001356
,684.704146,0.001443
,682.775402,0.001493
,680.846658,0.001416
,678.917914,0.001173
,676.98917,0.001104
,675.060426,0.001345
,673.131682,0.001566
,671.202938,0.001649
,669.274193,0.001857
,667.345449,0.002099
,665.416705,0.002008
,663.487961,0.001672
,661.559217,0.001396
,659.630473,0.001251
,657.701729,0.001201
,655.772985,0.001213
,653.844241,0.001321
,651.915497,0.00155
,649.986753,0.001764
,648.058009,0.001983
,646.129265,0.002206
,644.200521,0.002108
,642.271776,0.001785
,640.343032,0.001822
,638.414288,0.002312
,636.485544,0.0028
,634.5568,0.00298
,632.628056,0.002775
,630.699312,0.002333
,628.770568,0.001962
,626.841824,0.001735
,624.91308,0.001782
,622.984336,0.0021
,621.055592,0.002277
,619.126848,0.002296
,617.198103,0.002364
,615.269359,0.002517
,613.340615,0.002836
,611.411871,0.003142
,609.483127,0.003158
,607.554383,0.003094
,605.625639,0.003381
,603.696895,0.003897
,601.768151,0.004086
,599.839407,0.003856
,597.910663,0.003421
,595.981919,0.002883
,594.053175,0.00253
,592.124431,0.002456
,590.195686,0.002341
,588.266942,0.002173
,586.338198,0.002152
,584.409454,0.0021
,582.48071,0.001972
,580.551966,0.002207
,578.623222,0.002655
,576.694478,0.002558
,574.765734,0.002019
,572.83699,0.001714
,570.908246,0.001745
,568.979502,0.001808
,567.050758,0.001623
,565.122013,0.001414
,563.193269,0.001713
,561.264525,0.0021
,559.335781,0.001898
,557.407037,0.001653
,555.478293,0.001897
,553.549549,0.002216
,551.620805,0.002237
,549.692061,0.002021
,547.763317,0.001875
,545.834573,0.001993
,543.905829,0.002178
,541.977085,0.002247
,540.048341,0.002222
,538.119596,0.002097
,536.190852,0.002075
,534.262108,0.002346
,532.333364,0.002592
,530.40462,0.002693
,528.475876,0.002751
,526.547132,0.002671
,524.618388,0.002568
,522.689644,0.002535
,520.7609,0.002466
,518.832156,0.002302
,516.903412,0.002141
,514.974668,0.002235
,513.045924,0.002455
,511.117179,0.002459
,509.188435,0.002322
,507.259691,0.002226
,505.330947,0.00212
,503.402203,0.001892
,501.473459,0.001646
,499.544715,0.001697
,497.615971,0.002071
,495.687227,0.0024
,493.758483,0.002603
,491.829739,0.002936
,489.900995,0.00334
,487.972251,0.003568
,486.043506,0.003475
,484.114762,0.003074
,482.186018,0.002799
,480.257274,0.002848
,478.32853,0.002933
,476.399786,0.00303
,474.471042,0.003164
,472.542298,0.003179
,470.613554,0.002934
,468.68481,0.002326
,466.756066,0.001715
,464.827322,0.001955
,462.898578,0.003124
,460.969834,0.004002
,459.041089,0.004024
,457.112345,0.00376
,455.183601,0.003449
,453.254857,0.003184
,451.326113,0.003279
,449.397369,0.003643
,447.468625,0.003838
,445.539881,0.004115
,443.611137,0.004503
,441.682393,0.003872
,439.753649,0.002756
,437.824905,0.002795
,435.896161,0.003256
,433.967417,0.002914
,432.038672,0.002302
,430.109928,0.002357
,428.181184,0.003245
,426.25244,0.004371
,424.323696,0.004878
,422.394952,0.00437
,420.466208,0.002911
,418.537464,0.001067
,416.60872,0.000127
,414.679976,0.000209
,412.751232,0.000333
,410.822488,0.000925
,408.893744,0.00258
,406.964999,0.003655
,405.036255,0.002828
,403.107511,0.00218
,401.178767,0.00335
,399.250023,0.004483
